id,Abstract_cleaned
1899,"The human relationship with transportation is shaped by social, economic, demographic, and urban form variables, or socio-spatial factors. The spatial dynamics of these are key to generating and interpreting outputs of transportation models that are most relevant for a community and the diverse mobility needs of its members. Here we present a typology transfer framework, grounded in socio-spatial dynamics shaping people's mobility, to take transportation-themed regional mobility model outcomes, in this case from two agent-based models (ABMs), and extrapolate them to other cities, with less time and resource intensity than new ABM development. The typology transfer process first identifies micro-urban social types (MUSTs) using socio-spatial factors, then defines city types based on spatial patterns of MUSTs to assess across which cities transfer results are likely to best hold. Lastly, a typology transfer multiplier matrix extrapolates a given variable, in our case the Mobility Energy Productivity (MEP) metric, to another city. The full process demonstration uses ABM results from Chicago (POLARIS model) and San Francisco (BEAM model), applying them to New York City. We discuss how MEP or other outputs can be appropriately estimated and used for integrated, human-centered mobility analysis. Key findings include that this MUST framework of user-defined dependent and independent variables allows tailoring ABM results and interpretations to specific community needs and data availability. Findings clarify that positive outcomes can be targeted towards user groups, based on sociospatial characteristics, using a typology approach, such as inclusive access to mobility choices, transportation affordability, and greater efficiency in resource use."
8763,This paper examines the issues related to the competition between two currencies in an agent-based computational economic model. The economic environment is a two-country overlapping generations economy with no restrictions on foreign currency holdings. Governments of both countries finance their deficits via seignorage. Agents make decisions about their savings and portfolio decisions. They use the genetic algorithm to update their decision rules. The results presented in the paper show that the currency of the country that finances larger of the two deficits becomes valueless. The adjustment process is characterized by a flight away from the currency used to finance the larger of the two deficits. The economy converges to a stationary equilibrium that corresponds to a single-currency economy.
2121,"The pork tapeworm, Taenia solium, is the cause of a preventable zoonotic disease, cysticercosis, affecting both pigs and humans. Continued endemic transmission of T. solium is a major contributor of epilepsy and other neurologic morbidity, and the source of important economic losses, in many rural areas of developing countries. Simulation modelling can play an important role in aiding the design and evaluation of strategies to control or even eliminate transmission of the parasite. In this paper, we present a new agent based model of local-scale T. solium transmission and a new, non-local, approach to the model calibration to fit model outputs to observed human taeniasis and pig cysticercosis prevalence simultaneously for several endemic villages. The model fully describes all relevant aspects of T. solium transmission, including the processes of pig and human infection, the spatial distribution of human and pig populations, the production of pork for human consumption, and the movement of humans and pigs in and out in several endemic villages of the northwest of Peru. Despite the high level of uncertainty associated with the empirical measurements of epidemiological data associated with T. solium, the non-local calibrated model parametrization reproduces the observed prevalences with an acceptable precision. It does so not only for the villages used to calibrate the model, but also for villages not included in the calibration process. This important finding demonstrates that the model, including its calibrated parametrization, can be successfully transferred within an endemic region. This will enable future studies to inform the design and optimization of T. solium control interventions in villages where the calibration may be prevented by the limited amount of empirical data, expanding the possible applications to a wider range of settings compared to previous models."
7565,"This paper presents an agent-based approach for error detection in incident management organizations. The approach consists of several parts. First, a formal approach for the specification and hierarchical verification of both traces and properties. Incomplete traces are enriched by enrichment rules. Furthermore, a classification mechanism is presented for the different properties in incident management that is based on psychological literature. Classification of errors provides insight in the functioning of the agents involved with respect to their roles. This insight enables the provision of dedicated training sessions and allows software support to give appropriate warning messages during incident management."
1378,"Contention over COVID-19 is only a recent example of increasing social division around science in the U.S. Many blame these divisions on actors who have strategically sowed doubt and distrust around expert supported positions and policies. However, this overlooks how scientists have fueled narratives of social and political conflict around science. This study explores how science influencers on social media have used group identity language in ways that may perpetuate narratives of intergroup conflict around science. Using computer-assisted content analytic methods, we examine how science influencers’ use of group identity language has changed in response to recent events (Trump presidency, COVID-19 pandemic) and across different social media platforms (Twitter, Facebook, Instagram). While there are slight increases in group identity language between 2016 and 2021, different patterns across platforms suggest that science influencers use different platforms to perform multiple roles of engaging diverse audiences, building ingroup solidarity, and defending against outgroup criticism."
7044,"Significant transport costs and spatially distributed supply and processing create oligopsony power in agricultural markets. Price discrimination expressed in the form of partial or complete absorption of freight charges by processors is often observed in these environments, but we understand little about how these pricing decisions are made. Analytical approaches are often intractable. As an alternative, we propose a computational economics approach to analyze a general spatial competition model and study firms' choices of spatial pricing policy. Instead of the commonly presumed free-on-board pricing, we find that buyers choose price discrimination, either through uniform delivered pricing or through partial freight absorption."
3987,"In the field of European Studies once so popular new institutionalist approaches are struggling to compete with the theoretical innovations proposed by post-structuralist scholarships. These latter interpretations debate that 'grand narratives' are proper explanatory frameworks to understand different political, economic and social processes merged under the umbrella-notion of Europeanization, so they favor more agent-based conceptualizations. While New Institutionalism aims to reflect on this challenge through epistemological and methodological attempts, mostly by discursive manners, yet this paper - with respect to the achievements of new empirical set-ups and designs - argues that the ontological background should be addressed instead. For this goal the perspective of Critical Realism is crucial to note, and its suggestions about 1) multi-layered social reality, 2) meta-theory, and 3) interconnectedness of subjects and objects in social science are pillars to be considered. All of these potential contributions highlight that scholars need to be reflexive as they are existentially embedded into the deep structures and linkages of generative mechanisms that they are theorizing. The more stable the belief that certain ontological conceptualizations are grasping the observable facts and events in a reflective way, the less reflexive the given thinker to realize the need for out-of-the-box ideas and hypotheses."
7412,"In collaborative systems, a set of organizations shares their computing resources, such as compute cycles, storage space or on-line services, in order to establish Virtual Organizations (VOs) aimed at achieving common tasks. The formation and operation of Virtual Organizations involve establishing trust among their members and reputation is one measure by which such trust can be quantified and reasoned about. In this paper, we contribute to research in the area of trust for collaborative computing systems along two directions: first, we provide a survey on the main reputation-based systems that fulfil the trust requirements for collaborative systems, including reputation systems designed for e-commerce, agent-based environments, and Peer-to-Peer computing and Grid-based systems. Second, we present a model for reputation management for Grid Virtual Organizations that is based on utility computing and that can be used to rate users according to their resource usage and resources and their providers according to the quality of service they deliver. We also demonstrate, through Grid simulations, how the model can be used in improving completion and welfare in Virtual Organizations."
849,"Adoption of dynamic energy tariffs by households is crucial for the transition to carbon-neutral energy systems. Influencing the adoption patterns of these tariffs necessitates an examination of the drivers, decision components, and contextual factors influencing household decisions. Few computational models address this comprehensively, often omitting non-financial decision variables. Moreover, methodologically robust integrative reviews on this topic are scarce. To address this gap, this paper develops a concept-centered integrative review methodology aimed at deriving computer models for socio-techno-economic simulations of household adoption of sustainable technologies. The methodology encompasses five sequential phases: Setup, Literature Search, Analysis, Synthesis and Conceptual Model, and Discussion. To illustrate the methodology, it is applied to the case of household adoption of dynamic energy tariffs, resulting in an abstract conceptual model adaptable to local contexts. The review reveals a lack of consensus on modeled tariffs but highlights the significance of tariff complexity, relative advantage, household heterogeneity, and various agent properties. It also identifies potential improvements in model fundamentals, particularly spatial modeling. The developed process model focuses on the stages ‘knowledge’, ‘decision’, and ‘reevaluation’. The article contributes by presenting a comprehensive review scheme and delivering a concept-centered integrative review along with an explicit conceptual model derived from it."
7201,"The ad hoc grid is a spontaneous organisation of cooperating heterogeneous nodes into a logical community without a fixed infrastructure and with only minimal administrative requirements. Resource management for ad hoc grids is challenging due to the participation of heterogeneous, dynamic, autonomous and ephemeral grid nodes. The paper proposes an ad hoc grid resource management system, the producers and consumers of ad hoc grid resource are modelled as the self-interested decision-makers described in microeconomic theory. All market participants in the ad hoc grid environment including grid resources and services can be represented as agents. We apply economic agents to build ad hoc grid resource management, where ad hoc grid resource consumers and providers can buy and sell ad hoc grid resource based on an underlying economic architecture. The main processes involved in ad hoc grid resource management are resource registration, discovery and resource allocation. The experiments are conducted to compare ad hoc grid resource allocation algorithm with other ad hoc grid resource allocation algorithm. Simulation results show that our proposed algorithm is more efficient than compared allocation scheme. Copyright"
6098,"If local circumstances can generate local social trends, it follows that global circumstances can generate global trends. Furthermore, modern global circumstances match the conditions used to create artificial evolutionary systems. If it is possible for evolutionary forces to arise in global society, then it is possible that key forces shaping global society are evolutionary in nature. We can experimentally test for the possibility of evolutionary forces in global society by using a multi-agent simulation. This paper presents a simulation programmed to capture the evolutionary prerequisites observed in global society. Trends arising from this simulation are tested against three known trends and three assumed trends arising from global society. The results from this experiment support the hypothesis that a wealth aggregation evolutionary imperative is shaping key trends in global society."
372,"The Covid-19 pandemic brought unprecedented changes to business ownership in the UK which affects a generation of entrepreneurs and their employees. Nonetheless, the impact remains poorly understood. This is because research on capital accumulation has typically lacked high-quality, individualized, population-level data. We overcome these barriers to examine who benefits from economic crises through a computationally orientated lens of firm creation. Leveraging a comprehensive cache of administrative data on every UK firm and all nine million people running them, combined with probabilistic algorithms, we conduct individual-level analyzis to understand who became Covid entrepreneurs. Using these techniques, we explore characteristics of entrepreneurs—such as age, gender, region, business experience, and industry—which potentially predict Covid entrepreneurship. By employing an automated time series model selection procedure to generate counterfactuals, we show that Covid entrepreneurs were typically aged 35–49 (40.4%), men (73.1%), and had previously held roles in existing firms (59.4%). For most industries, growth was disproportionately concentrated around London. It was therefore existing corporate elites who were most able to capitalize on the Covid crisis and not, as some hypothesized, young entrepreneurs who were setting up their first businesses. In this respect, the pandemic will likely impact future wealth inequalities. Our work offers methodological guidance for future policymakers during economic crises and highlights the long-term consequences for capital and wealth inequality."
5035,"We consider the diffusion of new products in the discrete Bass-SIR model, in which consumers who adopt the product can later ""recover"" and stop influencing their peers to adopt the product. To gain insight into the effect of the social network structure on the diffusion, we focus on two extreme cases. In the ""most-connected"" configuration, where all consumers are interconnected (complete network), averaging over all consumers leads to an aggregate model, which combines the Bass model for diffusion of new products with the SIR model for epidemics. In the ""least-connected"" configuration, where consumers are arranged in a circle and each consumer can be influenced only by the neighbor to the left (one-sided 1D network), averaging over all consumers leads to a different aggregate model which is linear and can be solved explicitly. We conjecture that for any other network, the diffusion is bounded from below and from above by that on a one-sided 1D network and on a complete network, respectively. When consumers are arranged in a circle and each consumer can be influenced by the neighbors to the left and right (two-sided 1D network), the diffusion is strictly faster than on a one-sided 1D network. This is different from the case of nonrecovering adopters, where the diffusion on one-sided and two-sided 1D networks is identical. We also propose a nonlinear model for recoveries and show that consumers' heterogeneity has a negligible effect on the aggregate diffusion."
71,"Eradicating extreme poverty and inequality are the key leverage points to achieve the seventeen Sustainable Development Goals (SDGs). However, the reduction of extreme poverty and inequality remains vulnerable to shocks such as pandemics and climate change. Numerous models have been developed to examine the complex social interactions giving rise to inequality and persistent poverty, yet few approaches include multilevel dynamics. Here, we introduce a heterogeneous agent-based model to identify conditions underlying poverty traps at different levels, which manifest as distinct statistical steady-state outcomes. We find that vulnerabilities emerge from the interaction between individual and institutional mechanisms. Individual characteristics like risk aversion, attention, and saving propensity can lead to sub-optimal diversification and low capital accumulation. These individual drivers are reinforced by institutional mechanisms such as lack of financial inclusion, access to technology, and economic segregation, leading to persistent inequality and poverty traps. Our experiments demonstrate that addressing the above factors yields a “double dividend”—reducing poverty and inequality within and between communities and creating positive feedback that can withstand shocks. Finally, we demonstrate that our theoretical model can be used as a sandbox for cost-benefit analysis of intervention strategies."
2102,"Advancing the transition towards more sustainable agriculture requires policy interventions that support farmers' adoption of sustainable practices. Models can support policy-makers in developing and testing interventions. For these models to provide reliable support, their underlying assumptions need to reflect reality and hence adequately represent human decision-making. This study compares several approaches that represent human decision-making. The comparison is applied to farmers' decision to adopt agroforestry. An agent-based simulation model is calibrated to a case study in rural Rwanda, where socio-economic survey data was collected from 145 small-scale farmers. Of these farmers, 72 were randomly selected to participate in a role-playing game, during which the players decided about adopting agroforestry. The game was conducted to validate the tested decision-making approaches. The simulations show that the decision-making approaches predict significantly different agroforestry adoption rates. Compared with the role-playing game, the Theory of Planned Behaviour exhibits the highest validity. Rational choice theory and the econometric approach overestimate implementation. Bounded rationality approaches underestimate the share of adopters. The results highlight the importance of adequately representing farmers' adoption decisions in models for providing reliable forecasts and effective policy support."
2572,"Opinion dynamics investigate the spreading and evolution of opinions among a set of individuals. This is especially relevant in decision-making — the process of selecting an alternative from a set of possible options —, that is commonly based on personal opinions which may evolve along time. In this work, we present a model of opinion dynamics where opinions are represented using fuzzy linguistic 2-tuples, a realistic representation of imprecise information. In our framework, the propagation of opinions in the communication is divided into three independent sub-processes. Additionally, we use a social network to represent agents’ interactions and an awareness deactivation mechanism to model the awareness dynamics in the system (i.e., options for which agents have opinions). Our opinion dynamics model can be easily integrated into an agent-based system to how opinions spread and evolve. Experimental results show the impact of the communication processes, the social network topology, the awareness deactivation mechanism, and the agents’ influence on the opinion dynamics of others. Furthermore, we present two case studies of our opinion dynamics model applied to marketing and politics."
8542,"Numerous ecosystems, ranging from coral reefs, and forests to deserts and lakes have been shown to possess alternative stable states. This phenomenon has obvious important implications for management, as it may imply unexpected collapse of the system and large resistance to restoration efforts. In this paper we show that alternative attractors also have important consequences from the technical modelers' point of view. Performing a Monte-Carlo uncertainty analysis with an existing individual-based simulation model for macrophyte growth, we found that the uncertainty in the model results may be remarkably high under some conditions. We demonstrate that this high uncertainty is caused by the alternative stable states of the model: if the noise on the parameters exceeds a critical threshold, the model uncertainty can increase steeply, due to switches to the other equilibrium. Such amplification of sensitivity is restricted to certain regions of the parameter space and depends on the initial state of the model. In the vicinity of catastrophical bifurcation points, uncertainty approaches infinity as even tiny parameter changes may cause a switch to the other equilibrium."
5006,"Although with some reluctance, social sciences now seem to have accepted the challenge deriving from the growing digitisation of communication and the consequent flow of data on the web. There are actually various empirical studies that use the digital traces left by the myriads of interactions that occur through social media and e-commerce platforms, and this trend also concerns the research in the PCST field. However, the opportunity offered by the digitisation of traditional mass media communication — the newspapers in particular — is much less exploited. Building on the experience of the TIPS project, this paper discusses the advantages and the limits of computational social science on PCST using newspapers as the main source of data. Some methodological issues are also addressed, in order to suggest a more aware use of such data and the several computational tools available for analysing them."
2838,"Governments, policy makers, and officials around the globe are working to mitigate the effects of the COVID-19 pandemic by making decisions that strive to save the most lives and impose the least economic costs. Making these decisions require comprehensive understanding of the dynamics by which the disease spreads. In traditional epidemiological models, individuals do not adapt their contact behavior during an epidemic, yet adaptive behavior is well documented (i.e., fear-induced social distancing). In this work we revisit Epstein’s “coupled contagion dynamics of fear and disease” model in order to extend and adapt it to explore fear-driven behavioral adaptations and their impact on efforts to combat the COVID-19 pandemic. The inclusion of contact behavior adaptation endows the resulting model with a rich dynamics that under certain conditions reproduce endogenously multiple waves of infection. We show that the model provides an appropriate test bed for different containment strategies such as: testing with contact tracing and travel restrictions. The results show that while both strategies could result in flattening the epidemic curve and a significant reduction of the maximum number of infected individuals; testing should be applied along with tracing previous contacts of the tested individuals to be effective. The results show how the curve is flattened with testing partnered with contact tracing, and the imposition of travel restrictions."
6947,"Negotiation is an important activity most related to the decision-making process in the field of agricultural e-commerce. It involves the interaction between different business partners in the agricultural marketplace, and usually goes through a number of rounds. Similar to the negotiation process in the real world, software agent working in the virtual environment performs intelligent negotiations in this way. Focusing on negotiation problem in agricultural electronic commerce, this paper proposes an agent-based intelligent negotiation system in the environment of agricultural electronic commerce. The aim of it is to implement interactions between agents and guarantees the profits of the participants for reciprocity. First, an adaptive negotiation model based on artificial neural network is proposed to generate sequential offers in the negotiation processes. With the negotiation model, software agents can negotiation with each other over a set of different issues of a product on behalf of the real-world parties they represent. Based on it, the experiments have been conducted to evaluate the performance of the proposed negotiation model. The results show the efficiency and potential of the system toward the future agricultural electronic marketplace."
3462,"The Internet of Things (IoT) has become increasingly influential, particularly because of the significant new developments in the technologies of big data, cloud computing, 5G, and artificial intelligence. In this paper, we briefly explain how these new developments in the IoT may create a new electronic commerce landscape and opportunities associated with it; these developments pose interesting questions for future research."
1153,"As a key component of the balancing market, balance settlement links the physical layer of electricity balance with financial fund equilibrium. Imbalance funds pertain to costs that emerge from the balancing settlement process and, lacking a clearly defined responsible entity, require distribution or reimbursement among market participants. Under the current dual-track market system in China, the issue of imbalance funds has become increasingly prominent. The allocation of these funds is crucial, directly impacting the revenue of these participants and playing a pivotal role in ensuring a fair and efficient market. In this context, this paper, integrating the current dual-track electricity market environment in China, establishes a comprehensive framework to understand the balancing settlement process. Its aim is to explore effective methods for designing imbalance fund allocation mechanisms. Viewing through the lens of balancing service providers, the paper introduces an agent-based model for the balancing market. This model is proficient in capturing the complex dynamics of market behaviors and the resulting imbalance funds during the settlement process. Grounded in existing market regulations and the progressive evolution of China's spot market, the paper meticulously crafts various scenarios with unique imbalance fund allocation mechanisms. It demonstrates that a well-considered allocation mechanism can significantly enhance the efficiency of balancing market operations and reduce the overall costs of system balancing. Hopefully, the proposed framework and method will provide beneficial support and reference for the formulation of related policies and the design of market settlement mechanisms."
3136,"Several independent assessments have identified rare earth elements (REEs) as critical materials, notably neodymium (Nd), praseodymium (Pr), and dysprosium (Dy) used in permanent magnets. Factors affecting their criticality include expected growth in demand arising from their unique performance-enhancing properties in consumer, energy, and military applications and the supply risk associated with China's dominance in their production. We demonstrate the use of Argonne's Global Critical Materials (GCMat) agent-based model to explore the possible consequences to REE market dynamics of different types of regional supply disruptions including a temporary loss of production, shutdown of capacity, and diversion of supply. Results suggest that supply disruptions may foster earlier and more REE mine starts outside of China, although some of these mines may not be able to sustain operations post disruption. Further, price and associated market responses such as production, capacity, and demand tended to extend beyond the disruption period. Such market impacts in the magnet supply chain could affect the costs and availability of a number of emerging clean energy technology applications such as electric vehicles and wind turbines. In the future, GCMat could be used to evaluate the effectiveness of mitigation strategies — including recycling, conservation, product substitution, and diversification of supplies — on reducing the severity of disruptions in REE markets."
5617,"Field data often include multiple observations taken from the same individual. In order to avoid pseudoreplication, it is commonplace to aggregate data, generating a mean score per individual, and then using these aggregated data in subsequent analyses. Aggregation, however, can generate problems of its own. Not only does it lead to a loss of information, it can also leave analyses vulnerable to the ""ecological fallacy"": the drawing of false inferences about individual behavior on the basis of population level (""ecological"") data. It can also result in Simpson's paradox, where relationships seen at the individual level can be completely reversed when analyzed at the aggregate level. These phenomena have been documented widely in the medical and social sciences but tend to go unremarked in primatological studies that rely on observational data from the field. Here, we provide a conceptual guide that explains how and why aggregate data are vulnerable to the ecological fallacy and Simpson's paradox, illustrating these points using data on baboons. We then discuss one particular analytical approach, namely multi-level modeling, that can potentially eliminate these problems. By highlighting the issue of the ecological fallacy, and increasing awareness of how datasets are often organized into a number of different levels, we also highlight the manner in which researchers can more positively exploit the structure of their datasets, without any information loss. These analytical approaches may thus provide greater insight into behavior by permitting more thorough investigation of interactions and cross-level effects."
4025,"We present an Agent-Based Model (hereafter ABM) for a pharmaceutical supply chain operating under conditions of weak regulation and imperfect information, exploring the possibility of poor quality medicines and their detection. Our interest is to demonstrate how buyers can learn about the quality of sellers (and their medicines) based on previous successful and unsuccessful transactions, thereby establishing trust over time. Furthermore, this network of trust allows the system itself to evolve to positive outcomes (under some but not all circumstances) by eliminating sellers with low quality products. The ABM we develop assumes that rational and non-corrupt agents (wholesalers, retailers and consumers) learn from experience and adjust their behaviour accordingly. The system itself evolves over time: under some — but not all — circumstances, sellers with low-quality products are progressively eliminated. Three distinct states of the supply chain are observed depending on the importance of trust built up from past experience. The “dynamic” state is characterised by a low level of trust leading to a continually changing system with new drugs introduced and rejected with little regard to quality. The “frozen” state arises from high levels of reliance on past experience and locks the supply chain into a suboptimal state. The “optimising” state has moderate reliance on past experience and leads to the persistence of suppliers with good quality; however, the system is still “invadable” by better quality drugs. Simulation results show that the state reached by the system depends strongly on the precise way that trust is established: Excessive levels of trust make it impossible for new, improved treatments to be adopted. This highlights the critical need to understand better how personal experience influences consumer behaviour, especially where regulation is weak and for products like medicines whose quality is not readily observable."
2260,"African Swine Fever (ASF) is a highly lethal viral disease, which affects different species of wild and domestic suids. After its human-caused introduction in Georgia in 2007, the ASF virus has found a new ecological reservoir in the large and continuous wild boar (Sus scrofa) populations of Eurasia, spreading both eastward and westward. ASF has also breached into the intensive pork meat production system. Although the disease has no zoonotic potential, its consequences on wild boar populations and the economic losses for the pig industry have been dramatic. As no vaccine or effective medical treatment is available to reliably protect wild boar or domestic pigs against ASF, eradication efforts are mainly based on intensive wild boar hunting and on removing a significant portion of the infected wild boar carcasses, which are the main environmental virus reservoir. Both strategies have produced poor results, so far, and ASF is becoming endemic. We compared wild boar hunting and carcass removal as alternative and combined strategies for the eradication of ASF in its endemic state, using a spatially explicit individual-based model, which incorporated the demography and spatial dynamics of a wild boar population, the spatial epidemiology of ASF in its endemic phase, and a management system acting for the eradication of the disease from the population. When no eradication effort was simulated, ASF exhibited a clear and strong tendency to persist and remain endemic in the wild boar population. Both hunting and carcass removal, when used alone, provided either a low power to remove the virus from the population, or required unrealistic field effort. The best performing scenario corresponded to the combined use of a 30% annual hunting rate and of an intensive carcass removal, during a 2-month period in late winter (February-March). Eradicating ASF from wild boar populations remains a hard task. Managers should promote a drastic increase in the effort dedicated to systematically identify and remove as many infected wild boar carcasses as possible from the affected areas, with at least 5–15 carcasses removed for each 100 hunted wild boar."
1235,"When multiple agents are engaged in a network of conflict, some can advance their competitive positions by forming alliances with each other. However, the costs associated with establishing an alliance may outweigh the potential benefits. This study investigates costly alliance formation in the framework of coalitional Blotto games, in which two players compete separately against a common adversary and are able to collude by exchanging resources with one another. Previous work has shown that both players in the alliance can mutually benefit if one player unilaterally donates, or transfers, a portion of their budget to the other. In this letter, we consider a variation where the transfer of resources is inherently inefficient, meaning that the recipient of the transfer only receives a fraction of the donation. Our findings reveal that even in the presence of inefficiencies, mutually beneficial transfers are still possible. More formally, our main result provides necessary and sufficient conditions for the existence of such transfers, offering insights into the robustness of alliance formation in competitive environments with resource constraints."
7114,"This paper proposes an agent-based model which reproduces different structures of animal groups. The shape and structure of the group is the effect of simple interaction rules among individuals: each animal deploys itself depending on the position of a limited number of close group mates. The proposed model is shown to produce clustered formations, as well as lines and V-like formations. The key factors which trigger the onset of different patterns are argued to be the relative strength of attraction and repulsion forces and, most important, the anisotropy in their application."
7829,"Empirical analysis of the foreign exchange market is conducted based on methods to quantify similarities among multi-dimensional time series with spectral distances introduced in [A.-H. Sato, Physica A 382 (2007) 258-270]. As a result it is found that the similarities among currency pairs fluctuate with the rotation of the earth, and that the similarities among best quotation rates are associated with those among quotation frequencies. Furthermore, it is shown that the Jensen-Shannon spectral divergence is proportional to a mean of the Kullback-Leibler spectral distance both empirically and numerically. It is confirmed that these spectral distances are connected with distributions for behavioural parameters of the market participants from numerical simulation. This concludes that spectral distances of representative quantities of financial markets are related into diversification of behavioural parameters of the market participants."
7430,"To support stakeholders involved in infrastructure development, we develop evolutionary models of these complex systems, which is a formidable task with respect to data requirements, information representation and knowledge management. Re-addressing a case on bio-electricity infrastructure evolution, we demonstrate first a series of visualisations of economic and ecologic system parameters as they change during infrastructure development over simulated decades. This setup allows us to demonstrate to stakeholders a means to anticipate the consequences of decisions on (dis)investment of power generation options available. In developing these tools, our approach needed to be expanded to better handle the complexity of infrastructure systems, due to the multiple relevant social and technical contexts from which these systems need to be considered. The second part of this paper describes our work on enabling collaborative mapping of our knowledge of infrastructure systems to help integrate diverse types of knowledge. Current internet-enabled developments such as Web 2.0 and the Semantic Web offer tremendous scope to lower the transaction cost of gathering and assembling data. Already, these are changing the ways scientific collaboration is conducted. Finally, we suggest to connect this to evolutionary models to elucidate the dynamics of these systems. Copyright"
6413,"Most human interactions today take place with the mediation of information and communications tech- nology. This is extending the boundaries of interdependence: the group of reference, ideas and behaviour to which people are exposed is larger and less restricted to old geographical and cultural boundaries; but it is also providing more and better data with which to build more informative models on the effects of social interactions, amongst them, the way in which contagion and cascades diffuse in social networks. Online data are not only helping us gain deeper insights into the structural complexity of social systems, they are also illuminating the consequences of that complexity, especially around collective and temporal dynamics. This paper offers an overview of the models and applications that have been developed in what is still a nascent area of research, as well as an outline of immediate lines of work that promise to open new vistas in our understanding of cascading behaviour in social networks."
3524,"We study digital multisided platforms as complex adaptive business systems (CABS) where multiple sides have different and evolving objectives, preferences, and constraints. CABS are characterized by irreducible uncertainty, which cannot be reduced by the traditional approaches of collecting and processing data. Irreducible uncertainty in the system gives rise to a complex search matching problem between agents and value enhancing transactions. This paper presents a recommender systems-based approach for taming the complexity by allowing agents to coevolve and learn in the system. We propose a novel two-sided recommender system framework, which considers emergence on both sides of the platform and adapts to the changing environment to influence agents. An agent-based simulation model is developed based on popular internet-based educational platforms to study this complex system and test our hypotheses. Our results show the value of a two-sided recommender system to tame complex search matching in platforms. We discuss implications for information systems and complexity science research."
4290,"Honeybees construct nests that consist of regularly arrayed hexagonal cylinders. In the first stage of honeycomb construction, they build a linear sequence of tetrapod structures that form the basis of the comb. However, considering their physiological limitations, it is unknown how honeybees produce that initial pattern. Herein, in an attempt to understand the mechanisms of honeycomb construction, we propose an agent-based model, the attachment-excavation model, in which worker honeybees are classified into attachers who secrete and attach wax, and excavators who excise the attached wax. The model assumes that workers instinctively refrain from digging through the thin parts of a wax cluster. We then conduct two-dimensional (2D) simulations that show how a tripod pattern can be seen as a projection of tetrapods onto a plane. The simulation results show that the tripod pattern emerges due to competition between the attachers and excavators. As time advances, the isotropic wax growth causes the tripods to connect planarly. Because the homogeneously broadened structures do not match that of a natural comb, we employ anisotropic wax growth to obtain a linear sequence of constructed tripods, thus suggesting that anisotropy is a significant contributor to the first stage of honeycomb construction. From our simulation results, we conclude that honeybees utilize self-organization to achieve complexity during the first stage of honeycomb construction. It is anticipated that the results of our study will provide insights into how complexity can be achieved within a hierarchy."
5273,"The aquatic effect assessment of chemicals is largely based on standardized measures of toxicity determined in short-term laboratory tests which are designed to reduce variability. For this purpose, uniform individuals of a species are kept under environmental and chemical exposure conditions which are as constant as possible. In nature, exposure often appears to be pulsed, effects might last longer than a few days, sensitivity might vary among different sized organisms and populations are usually size or age structured and are subject to demographic processes. To overcome this discrepancy, we tested toxicokinetic-toxicodynamic models of different complexities, including body size scaling approaches, for their ability to represent lethal effects observed for Daphnia magna exposed to triphenyltin. The consequences of the different toxicokinetic and toxicodynamic assumptions for population level responses to pulsed exposure are tested by means of an individual based model and are evaluated by confronting model predictions with population data for various pulsed exposure scenarios. We provide an example where increased model complexity reduces the uncertainty in model outputs. Furthermore, our results emphasize the importance of considering population demography in toxicokinetics and toxicodynamics for understanding and predicting potential chemical impacts at higher levels of biological organization."
7659,"Recent studies have shown that many marine ecosystems are experiencing an accelerating loss of population and biodiversity. It is apparent that there is a growing disparity between the available supply of fish and the desire of the growing world population to catch them. Although studies have begun to question the ecological sustainability of managed fishery systems, they often omit the corresponding effects on the economic sustainability of fishery industries. This is particularly important in rural coastal areas where the fishing industry is often a dominant employer. In this article, we analyze the interactions between economic and ecological dynamic systems using a multi-agent dynamic model of fishery management. Multiple agents (fishers) harvest multiple fish species and adapt the amount and allocation of their effort to their value functions, which are given as net profits of the fish harvest sold for a market price. This is largely unique in fishery models, since many econometric studies view fishers as represented by homogenous 'average' agents. We introduce and compare two different decision rules governing the behavior of fishers engaged in a competitive market. We demonstrate a situation where both behaviors lead to a decline of all fish stocks, as well as profits for most fishers. As an alternative, we introduce a cooperative approach in which fisheries jointly set sustainable limits for total harvest and effort that are then distributed to the fishers according to distribution rules. The simulation reveals that fish stocks and profits can stabilize at significantly higher levels in the cooperative case, leading to a continuous accumulation of capital for all fishers. This model demonstrates key aspects of overfishing conflicts that can be overcome through planned fishing quotas and cooperative market mechanisms. It also demonstrates a novel approach for simulating the dynamic behavior of heterogeneous fishers."
1833,"Despite the growing calls to integrate realistic human behavior in sustainability science models, the representative rational agent prevails. This is especially problematic for climate change adaptation that relies on actions at various scales: from governments to individuals. Empirical evidence on individual adaptation to climate-induced hazards reveals diverse behavioral and social factors affecting economic considerations. Yet, implications of replacing the rational optimizer by realistic human behavior in nature society systems models are poorly understood. Using an innovative evolutionary economic agent-based model we explore different framings regarding household adaptation behavior to floods, leveraging on behavioral data from a household survey in Miami, USA. We find that a representative rational agent significantly overestimates household adaptation diffusion and underestimates damages compared to boundedly rational behavior revealed from our survey. This ""adaptation deficit"" exhibited by a population of empirically informed agents is explained primarily by diverse ""soft"" adaptation constraints awareness, social influences rather than heterogeneity in financial constraints. Besides initial inequality disproportionally impacting low/medium adaptive capacity households post-flood, our findings suggest that even under a nearly complete adaptation diffusion, adaptation benefits are uneven, with late or less-efficient actions locking households to a path of higher damages, further exacerbating inequalities. Our exploratory modeling reveals that behavioral assumptions shape the uncertainty of physical factors, like exposure and objective effectiveness of flood-proofing measures, traditionally considered crucial in risk assessments. This unique combination of methods facilitates the assessment of cumulative and distributional effects of boundedly rational behavior essential for designing tailored climate adaptation policies, and for equitable sustainability transitions in general."
6340,"While pilot projects in the smart grid domain have abounded through public and private efforts, there is still uncertainty in identifying effective business models for the smart grid. In this paper we take the view of a new entrant in this market acting as a third party provider of demand response. New entrants are a key player in emerging technological domains but simulation and policy analysis from this perspective have not been forthcoming. We present a novel approach for evaluating business models within a regulatory context and avoid committing to specific technical solutions but instead embark on a parameter exploration through simple yet insightful agent-based models. Our simulations analyse the impact of system performance by three key variables; participant population size, household flexibility in terms of the maximum number of DR events allowed and size of load shifting/shedding available. The simulations indicate that benefits of avoided capital investment leads to valuing a participating household at approximately £1800 over a 20 year period. These results show how mandated infrastructure influenced by policy can affect the value proposition of a demand response service and provide a useful reference for system level parameter requirements. With weak business models, policy decisions can be crucial in providing the impetus needed to spur growth in this market."
6438,"Highly pathogenic avian influenza virus subtype H5N1 is endemic in Asia, with live bird trade as a major disease transmission pathway. A cross-sectional survey was undertaken in northern Vietnam to investigate the structure of the live bird market (LBM) contact network and the implications for virus spread. Based on the movements of traders between LBMs, weighted and directed networks were constructed and used for social network analysis and individual-based modeling. Most LBMs were connected to one another, suggesting that the LBM network may support largescale disease spread. Because of cross-border trade, it also may promote transboundary virus circulation. However, opportunities for disease control do exist. The implementation of thorough, daily disinfection of the market environment as well as of traders' vehicles and equipment in only a small number of hubs can disconnect the network dramatically, preventing disease spread. These targeted interventions would be an effective alternative to the current policy of a complete ban of LBMs in some areas. Some LBMs that have been banned still are very active, and they likely have a substantial impact on disease dynamics, exhibiting the highest levels of susceptibility and infectiousness. The number of trader visits to markets, information that can be collected quickly and easily, may be used to identify LBMs suitable for implementing interventions. This would not require prior knowledge of the force of infection, for which laboratory-confirmed surveillance would be necessary. These findings are of particular relevance for policy development in resource-scarce settings."
1961,"When facing a crisis (or preparing for one), decision-makers often turn to peer networks, seeking advice and providing it. Scholars and practitioners endorse sharing knowledge and experience, especially for boosting resilience and combating crises. They believe such decentralized, peer-to-peer contact suits the ill-structured challenges organizations encounter. Yet, this endorsement overlooks a bias known as the Dunning-Kruger effect: People regularly misjudge their own and their peers’ skills. Thus, ascertaining whether a peer is sufficiently skilled to advise is an error-prone endeavor. Because of the bias, a person in need may mistakenly accept poor advice—and then proceed to unintentionally spread it. To understand advice networks in crisis, we weave case studies and experimental evidence into a formal model. Seeding the model with empirical data on skill (mis)judgment, we confirm that advice improves performance, but only if skill misjudgment is assumed away. When the bias is incorporated into the model, the risk of transmitting poor advice increases. As it cascades from one person to another, poor advice undercuts skill throughout organizations and networks. And it reduces the diversity and range of knowledge and advice, further hampering crisis response. Seeking a remedy, we introduce a theoretically-derived mechanism for carving up the advice network, showing how organizational design can ameliorate the risk. We conclude with implications for resilience and crisis research and practice whether in established organizations or entrepreneurial ventures."
1910,"Catch and distribution of tuna in the ocean are typically investigated with ocean basin-scale models. Due to their large scale, such models must greatly simplify tuna behaviour occurring at a scale below ∼100 km, despite interactions at this level potentially being important to both catch and distribution of tuna. For example, the associative behaviour of tuna with man-made floating objects, that are deployed by fishers to improve their catch rates (Fish Aggregating Devices; FADs), are usually ignored or simplified. Here we present a model that can be used to investigate the influence of tuna dynamics below the ∼100 km scale on larger scales. It is an Individual-Based Model (IBM) of a hypothetical, tuna-like species, that includes their interactions with each other, free-floating FADs and prey. In this IBM, both tuna and FADs are represented by Lagrangian particles that are advected by an ocean flow field, with tuna also exhibiting active swimming based on internal states such as stomach fullness. We apply the IBM in multiple configurations of idealized flow and prey fields, alongside differing interaction strengths between agents. When tuna swimming behaviour is influenced equally by prey and FADs, we find that the model simulations compare well with observations at the ≲100 km scale. For instance, compared to observations, tuna particles have a similar stomach fullness when associated or non-associated to a FAD, tuna colonize at similar timescales at FADs after their deployment and tuna particles exhibit similar variations in continuous residence times. However, we find large differences in emergent dynamics such as residence and catch among different flow configurations, because the flow determines the time scale at which tuna encounter FADs. These findings are discussed in the context of directing future research, and an improved interpretation of tuna catch and other data for the sustainable management of these economically important species."
1257,"Research methods based on modelling and simulation (M&S) are gaining popularity among social scientists to study societal dynamics. Emphasising the importance of this research approach, the Department of Religion, Philosophy and History at the University of Agder initiated a methodology module to help students on the religious studies programme learn about M&S-based research methods. The methodology module entails seminars, tutoring, meet-the-expert sessions and writing a short essay about the opportunities, limitations and challenges of applying the research methods. This article discusses the impact of the meet-the-expert event, examining students’ interaction with the experts to understand how they utilised the opportunity to learn about the research methods from M&S-based professionals in their field."
4460,"Public transport (PT) is a key element in most major cities around the world. With the development of smartphones, available journey planning information is becoming an integral part of the PT system. Each traveler has specific preferences when undertaking a trip, and these preferences can also be reflected on the smartphone. This paper considers transit assignment in urban public-transport networks in which the passengers receive smartphone-based information containing elements that might influence the travel decisions in relation to line loads, as well as passenger benefits, and the paper discusses the transition from the current widespread choosing approach to a personalized decision-making approach based on smartphone information. The approach associated with smartphone guidance that considers passengers’ preference on travel time, waiting time and transfer is proposed in the process of obtaining his/her preferred route from the potential travel routes generated by the Deep First Search (DFS) method. Two other approaches, based on the scenarios reflecting reality, include passengers with access to no real time information, and passengers that only have access to the arrival time at the platform are used as comparisons. For illustration, the same network proposed by Spiess and Florian is utilized on the experiments in an agent-based model. Two experiments are conducted respectively according to whether each passenger’s choosing method is consistent. As expected, the results in the first experiment showed that the travel for consistent passengers with smartphone guidance was clearly shorter and that it can reduce travel time exceeding 15% and weighted cost exceeding 20%, and the average saved time approximated 3.88 minutes per passenger. The second experiment presented that travel cost, as well as cost savings, gradually decreased by employing smartphone guidance, and the maximum cost savings accounted for 14.2% of the total weighted cost."
2350,"Addressing modern water management challenges requires the integration of physical, environmental and socio-economic aspects, including diverse stakeholders’ values, interests and goals. Early stakeholder involvement increases the likelihood of acceptance and legitimacy of potential solutions to these challenges. Participatory modelling allows stakeholders to co-design solutions, thus facilitating knowledge co-construction/social learning. In this work, we combine integrated modelling and participatory modelling to develop and deploy a digital platform supporting decisionmaking for water management in a semiarid basin under contentious water use. The purpose of this tool is exploring “on-the-fly” alternative water management strategies and potential policy pathways with stakeholders. We first co-designed specific water management strategies/impact indicators and collected local knowledge about farmers’ behaviour regarding groundwater regulation. Second, we coupled a node–link water balance model, a groundwater model and an agent-based model in a digital platform (SimCopiapo) for scenario exploration. This was done with constant input from key stakeholders through a participatory process. Our results suggest that reductions of groundwater demand (40%) alone are not sufficient to capture stakeholders’ interests and steer the system towards sustainable water use, and thus a portfolio of management strategies including exchanges of water rights, improvements to hydraulic infrastructure and robust enforcement policies is required. The establishment of an efficient enforcement policy to monitor compliance on caps imposed on groundwater use and sanction those breaching this regulation is required to trigger the minimum momentum for policy acceptance. Finally, the participatory modelling process led to the definition of a diverse collection of strategies/impact indicators, which are reflections of the stakeholders’ interests. This indicates that not only the final product—i.e., SimCopiapo—is of value but also the process leading to its creation."
5449,"Public institutions are increasingly reliant on data from social media sites to measure public attitude and provide timely public engagement. Such reliance includes the exploration of public views on important social issues such as gender-based violence (GBV). In this study, we examine big (social) data consisting of nearly 14 million tweets collected from Twitter over a period of 10 months to analyze public opinion regarding GBV, highlighting the nature of tweeting practices by geographical location and gender. We demonstrate the utility of computational social science to mine insight from the corpus while accounting for the influence of both transient events and sociocultural factors. We reveal public awareness regarding GBV tolerance and suggest opportunities for intervention and the measurement of intervention effectiveness assisting both governmental and non-governmental organizations in policy development."
6773,"Tetragonula hockingsi and T. carbonaria are two closely related species of Australian stingless bees. The primary species-specific character is the architecture of the brood comb. The brood comb of T. hockingsi is an open lattice comprising clumps of about ten cells that are connected by vertical pillars. In contrast, in T. carbonaria the brood comb is a compact spiral in which all brood cells (except on the margins) are connected by their walls to adjacent cells at the same height. We made detailed observations of the cell construction process in two colonies of each species. From these observations we formed a species-specific hypothesis about the algorithm followed by the bees during cell construction. The two algorithms allowed us to make predictions about the locations of new cells. Both T. hockingsi and T. carbonaria share a preference for constructing new brood cells in the clefts formed by two or three adjacent existing brood cells, but there are differences in detail for other components of the building process. The fundamental difference in the cell construction process of the two species is that for T. hockingsi, when a cluster of cells contains ten cells, the next cell added to the cluster is offset upwards by half a cell length, or, less often, a vertical pillar rather than a new cell is constructed. In T. carbonaria, cell construction is continuous at the comb margin so that there are no gaps between cells. Furthermore, it seems that T. hockingsi only makes use of local knowledge of the brood comb when deciding to place new brood cells, whereas T. carbonaria could make some building decisions based on knowledge of the total structure. We translated the species-specific algorithms into agent-based lattice swarm computer simulations of the cell construction process for the two species. These simulations produced representations of brood combs that are similar to those seen in vivo, suggesting that our biological rules are realistic."
2357,"To provide the forest industry with a better understanding of alternatives to simulate future adaptation pathways under evolving climatic and socio-economic uncertainty, we review the literature on how adaptation decisions are modelled in the context of plantation forests. This review leads to the conclusion that the representation of adaptation behaviour and decision-making remain very limited in most of the agent-based models in the forestry sector. Moreover, theoretical frameworks used to understand the adaptation behaviour of forest owners are also lacking. In this paper, we propose the application of protection motivation theory (PMT) as a framework to understand the motivation of forest owners to reduce the negative impacts of climate change on their forest plantations. Furthermore, the use of PMT allows factors affecting the maladaptive behaviour of forest owners to be examined. A survey of New Zealand foresters showed that less than 10% of smallholder forest owners adopted adaptation strategies. This result highlights the importance of addressing the research question “what motivates forest owners to take risk reduction measures?” Exploring this question is crucial to the future success of the New Zealand forestry sector and we suggest that it can be addressed by using PMT. This paper proposes a conceptual framework for an agent-based model as an alternative to simulating adaptation pathways for forest plantations in New Zealand."
933,"No fault found (NFF) is a reported fault for which the root cause cannot be found. An NFF event not only reduces the availability of the equipment to customers but also results in financial losses to the manufacturer. To date, risk due to NFF events is not considered separately in aircraft Maintenance, Repair, and Overhaul (MRO) planning. In this paper, we have studied the NFF event risk identification, distribution, and optimization in an aircraft MRO process based on data collected over three decades of aircraft maintenance. For framework development and formulating the critical NFF risk drivers, this paper applies soft system methodology with detailed semi-structured interviews of industry experts. For NFF risk distribution and optimization, we have used agent-based simulation modeling. The quantitative assessment of more than 5000 NFF cases in an aircraft MRO organization shows that NFF events are significantly non-deterministic during the life cycle of an aircraft. The three identified critical NFF risk drivers in the research are the MRO process stage, aircraft life cycle stage, and human working skills. The MRO process stage is the time of the NFF event during repair activity. The life cycle stage represents the timeline of the NFF event in useful aircraft life. Human working skill represents the role of manpower in the NFF event solution. Further theoretical elaborations of the research lead to the optimized NFF risk break-up at the contract preparation stage and risk driver's sensitivity analysis by the aircraft assembler, operator, and sub-contractor at the commercial bid submission stage."
8161,"Can a Knowledge-Level layer be located in the Semantic Grid infrastructure? Is it possible to design an Agent Communication Language (ACL) which enables Knowledge-Level agents to cooperate in a geographically distributed Semantic Grid despite nodes' failures or malfunctions? This paper tries to address the above Semantic Grid challenges presenting an agent-based Open Service Architecture which integrates geographically distributed agents in a Semantic Grid. The architecture is well integrated with standard Internet components and technologies and supports communication among Knowledge-Level agents. The role of agents is to retrieve, execute and compose available services providing more sophisticated instances of them. Inter-agent communication is realized by exploiting an advanced Agent Communication Language which supports a fault-tolerant anonymous interaction protocol and satisfies a set of well defined Knowledge-Level programming requirements. Here, we present the design of the architecture and of the Agent Communication Language as well as their implementation. The architecture is evaluated by means of several case studies which highlight the main feature of our proposal. The main advantage of our approach is to demonstrate that different issues, such as high level inter-agent communication and fault tolerance, can be successfully integrated in Grid infrastructures which provide Web Services maintaining a clean design of the architecture and a Knowledge-Level characterization."
8741,"This paper describes a spatial planning model combining a multi-agent simulation (MAS) approach with cellular automata (CA). The model includes individual actor behaviour according to a bottom-up modelling concept. Spatial planning intentions and related decision making of planning actors is defined by agents. CA is used to infer the knowledge needed by the agents to make decisions about the future of a spatial organisation in a certain area. The innovative item of this approach offers a framework for modelling complex land use planning process by extending CA approach with MAS. The modelling approach is demonstrated by the implementation of a pilot model using JAVA and the SWARM agent modelling toolkit. The pilot model itself is applied to a study area near the city of Nijmegen, The Netherlands."
7809,"Miconia calvescens (Melastomataceae) is a serious invader in the tropical Pacific, including the Hawaiian and Tahitian Islands, and currently poses a major threat to native biodiversity in the Wet Tropics of Australia. The species is fleshy-fruited, small-seeded and shade tolerant, and thus has the potential to be dispersed widely and recruit in relatively intact rainforest habitats, displacing native species. Understanding and predicting the rate of spread is critical for the design and implementation of effective management actions. We used an individual-based model incorporating a dispersal function derived from dispersal curves for similar berry-fruited native species, and life-history parameters of fecundity and mortality to predict the spatial structure of a Miconia population after a 30 year time period. We compared the modelled population spatial structure to that of an actual infestation in the rainforests of north Queensland. Our goal was to assess how well the model predicts actual dispersion and to identify potential barriers and conduits to seed movement and seedling establishment. The model overpredicts overall population size and the spatial extent of the actual infestation, predicting individuals to occur at a maximum 1,750 m from the source compared with the maximum distance of any detected individual in the actual infestation of 1,191 m. We identify several characteristic features of managed invasive populations that make comparisons between modelled outcomes and actual infestations difficult. Our results suggest that the model's ability to predict both spatial structure and spread of the population will be improved by incorporating a spatially explicit element, with dispersal and recruitment probabilities that reflect the relative suitability of different parts of the landscape for these processes."
4502,"Shared autonomous vehicles, or SAVs, have attracted significant public and private interest because of their opportunity to simplify vehicle access, avoid parking costs, reduce fleet size, and, ultimately, save many travelers time and money. One way to extend these benefits is through an electric vehicle (EV) fleet. EVs are especially suited for this heavy usage due to their lower energy costs and reduced maintenance needs. As the price of EV batteries continues to fall, charging facilities become more convenient, and renewable energy sources grow in market share, EVs will become more economically and environmentally competitive with conventionally fueled vehicles. EVs are limited by their distance range and charge times, so these are important factors when considering operations of a large, electric SAV (SAEV) fleet. This study simulated performance characteristics of SAEV fleets serving travelers across the Austin, Texas 6-county region. The simulation works in sync with the agent-based simulator MATSim, with SAEV modeling as a new mode. Charging stations are placed, as needed, to serve all trips requested (under 75 km or 47 miles in length) over 30 days of initial model runs. Simulation of distinctive fleet sizes requiring different charge times and exhibiting different ranges, suggests that the number of station locations depends almost wholly on vehicle range. Reducing charge times does lower fleet response times (to trip requests), but increasing fleet size improves response times the most. Increasing range above 175 km (109 miles) does not appear to improve response times for this region and trips originating in the urban core are served the quickest. Unoccupied travel accounted for 19.6% of SAEV mileage on average, with driving to charging stations accounting for 31.5% of this empty-vehicle mileage. This study found that there appears to be a limit on how much response time can be improved through decreasing charge times or increasing vehicle range."
8285,"This contribution deals with the assessment of the quality of a simulation by discussing and comparing ""real-world"" and scientific social simulations. We use the example of the Caffè Nero in Guildford as a 'real-world' simulation of a Venetian café. The construction of everyday simulations like Caffè Nero has some resemblance to the construction procedure of scientific social simulations. In both cases, we build models from a target by reducing the characteristics of the latter sufficiently for the purpose at hand; in each case, we want something from the model we cannot achieve easily from the target. After briefly discussing the 'ordinary' method of evaluating simulations called the 'standard view' and its adversary, a constructivist approach asserting that 'anything goes', we heed these similarities in the construction process and apply evaluation methods typically used for everyday simulations to scientific simulation and vice versa. The discussion shows that a 'user community view' creates the foundation for every evaluation approach: when evaluating the Caffè Nero simulation, we refer to the expert community (customers, owners) who use the simulation to get from it what they would expect to get from the target; similarly, for science, the foundation of every validity discussion is the ordinary everyday interaction that creates an area of shared meanings and expectations. Therefore, the evaluation of a simulation is guided by the expectations, anticipations and experience of the community that uses it - for practical purposes (Caffè Nero), or for intellectual understanding and for building new knowledge (science simulation)."
7502,"In this paper, we investigate bubble and crash in the artificial financial market. Based on Ball and Holt (1998)'s experiment in the laboratory with real human beings, we create a simple artificial financial market using an agent-based simulation. In this simulation, we model each agent with different characteristics with respect to expectation formation and time discounting. We found that the case of prospect theory plus exponential time discounting is most resemble with the price dynamics found in Ball and Holt's experiment and real world price bubble and crash. We also examine whether Ball and Holt's and our experiment are really judged as a bubble and crush with some indexes so far proposed. Then, Ball and Holt' experimental result is judged not as a price bubble but as a divergent oscillation, while our result is judged as a bubble."
1163,"Tree populations worldwide are facing an unprecedented threat from a variety of tree diseases and invasive pests. Their spread, exacerbated by increasing globalisation and climate change, has an enormous environmental, economic and social impact. Computational individual-based models are a popular tool for describing and forecasting the spread of tree diseases due to their flexibility and ability to reveal collective behaviours. In this paper we present a versatile individual-based model with a Gaussian infectivity kernel to describe the spread of a generic tree disease through a synthetic treescape. We then explore several methods of calculating the basic reproduction number R<inf>0</inf>, a characteristic measurement of disease infectivity, defining the expected number of new infections resulting from one newly infected individual throughout their infectious period. It is a useful comparative summary parameter of a disease and can be used to explore the threshold dynamics of epidemics through mathematical models. We demonstrate several methods of estimating R<inf>0</inf> through the individual-based model, including contact tracing, inferring the Kermack–McKendrick SIR model parameters using the linear noise approximation, and an analytical approximation. As an illustrative example, we then use the model and each of the methods to calculate estimates of R<inf>0</inf> for the ash dieback epidemic in the UK."
2903,"This paper outlines the potential gains for Constructionist research and praxis in modelling that might be obtained by recognising the power of the Patch—a humble computational being in the NetLogo modelling environment that has been overshadowed by its more popular fellow agent, the Turtle. To contextualise this opportunity, I describe how Constructionist modelling has thrived by promoting forms of learning that rely on learners’ identifying with agents. I argue that patches are a neglected agent type in this multi-agent modelling tradition, and that the possibilities for learners to adopt the patch perspective in support of exploratory forms of modelling and aesthetic expression have been under-researched. Nevertheless, I show there are a variety of powerful ways for learners––both individually and in groups––to identify with patches. I describe ongoing research showing how taking an aesthetic approach to patches has the potential to support individuals and groups in powerful forms of learning with and about multi-agent modelling. Practitioner notes What is already known about this topic Turtles (movable agents in Logo and Constructionist environments descended from Logo) can be ‘transitional objects’ that provide learners a way to make powerful ideas their own. These agents can be powerful ‘objects-to-think-with’ in large part because they encourage learners to identify with them in a form of learning known as ‘syntonic learning’. Expressive activities that draw on learners’ aesthetic interests can support their learning with and about computational representations. Multi-agent modelling is a powerful extension of Logo-based learning environments that provides access to powerful ideas about complex systems and their emergent properties. In the multi-agent setting, individual learners and/or groups of learners can identify syntonically with agents to provide entry points for reasoning about complexity. What this paper adds Patches (non-movable agents in the NetLogo modelling environment) are under-represented in the research on multi-agent modelling, and the potential for learners to adopt the patches’ perspective has been neglected. An aesthetically driven approach to patches can ground students’ understanding of their expressive value. Participatory activities in which learners play the role of patches (called ‘Stadium Card’ activities) can ground the patch perspective, so that learners can achieve a form of syntonicity and/or collectively adopt the perspective of patches in the aggregate. Participatory activities that blend intrinsic and extrinsic perspectives on the patch grid can further enhance learners’ facility with programming for patches and their understanding of patches’ collective expressive power. Implications for practice and/or policy Balancing the focus between turtles and patches can enrich the modelling toolbox of learners new to agent-based modelling. Patches do capture important aspects of individual and collective experience, and so can be good objects-to-think-with, especially when conceptualising phenomena at a larger scale. The expressive potential of the patch grid is an important topic for computer science as well (eg, through 2D cellular automata). This is a rich context for learning in itself, which can be made accessible to groups of learners through physical or virtual participatory role-play. Moreover, physical or virtual grids of people-patches may exhibit novel aggregate computational properties that could in turn become interesting areas for research in computer science."
4093,"In this chapter, we aim to illustrate the benefits of data collection and analysis to the maintenance and planning of current and future low voltage networks. To start with, we present several recently developed methods based on graph theory and agent-based modelling for analysis and short-and long-term prediction of individual households electric energy demand. We show how maximum weighted perfect matching in bipartite graphs can be used for short-term forecasts, and then review recent research developments of this method that allow applications on very large datasets. Based on known individual profiles, we then review agent-based modelling techniques for uptake of low carbon technologies taking into account socio-demographic characteristics of local neighbourhoods. While these techniques are relatively easily scalable, measuring the uncertainty of their results is more challenging. We present confidence bounds that allow us to measure uncertainty of the uptake based on different scenarios. Finally, two case-studies are reported, describing applications of these techniques to energy modelling on a real low-voltage network in Bracknell, UK. These studies show how applying agent-based modelling to large collected datasets can create added value through more efficient energy usage. Big data analytics of supply and demand can contribute to a better use of renewable sources resulting in more reliable, cheaper energy and cut our carbon emissions at the same time."
8553,"This chapter outlines five difficulties with modelling demographic behavior using Agent-Based Modelling (ABM), with particular reference to the role of social interactions in the diffusion of new contraceptive practices. The first difficulty is the potentially thin character of information and activities relevant to contraception within the wider framework of social action. The second difficulty is ensuring the correct relationship between ABM and existing theories, either based on aggregate statistical patterns or strong homogeneity assumptions about individuals. The third difficulty is ensuring an adequate representation of the contextual nature of social action, both in time and space. The fourth difficulty is to represent the complexity of decision processes adequately, so they can take account of the transmission of different kinds of information: norms, costs and benefits, practices and so on. The final difficulty is the possibility of collecting relevant data for building and testing ABMs. The chapter also draws attention to the connections between these difficulties and suggests solutions where these exist. In some cases, like the modelling of thin processes and cognitive complexity, considering social behavior from an ABM perspective reveals important challenges for social science research that are obscured by other approaches to modelling."
4916,"This article engages with the methods content in Dowding’s book, examining the underlying assumptions regarding political science methodology and data and arguing that these issues deserve a more central role. In particular, the new possibilities for generation and analysis of large-scale data sources from political activity is driving methodological change, requiring a variety of multi-disciplinary expertise, and presenting new ethical challenges. Expansion of the toolkit of political science methodologies to incorporate the growing field of computational social science, or social data science, draws new scientists into the analysis of politics – such as mathematicians, computer scientists and physicists – who bring their own philosophy and practice of theory building, explanation and approach, which may shape the discipline in the future."
525,"The article discusses the development and study of a new matrix-based hybrid genetic algorithm (MBHGA) for solving an agent-based model of firms' behavior with controlled trade interactions. The proposed model employs symmetric strategies optimized using the MBHGA algorithm. This algorithm combines evolutionary search with real-coded crossover and matrix binary-coded crossover as genetic operators, creating a hybrid approach. The aim of the designed system is to assist decision-makers in selecting optimal strategies for their firms in situations where some companies impose restrictions on interactions. As demonstrated by the results of optimization experiments, the MBHGA algorithm significantly outperformed other methods, such as RCGA, PSO, GWO, SPEA2, and NSGA-II, in terms of both accuracy (measured by deviations from reference values) and the quality of the Pareto front approximation (measured by LHV, IGD, and CPF) when solving an agent-based model of firms' behavior. As demonstrated in this study, the performance of MBHGA significantly depends on the size of the model (i.e., the number of agents), and it can be enhanced by parallelizing the evolutionary search process, including matrix crossover operations for decision variables. Optimization experiments using a genetic algorithm were conducted to maximize utility functions for agent companies under trade restrictions. The results showed that trade restrictions have a negative impact on the utility function values in both single- and multi-objective optimization, for selected countries and for all countries' firms. However, an optimization-based approach using the MBHGA algorithm can help minimize the negative consequences of trade restrictions by providing the ability to find nondominated solutions and the best possible trade-offs."
1417,"Mobility-as-a-Service (MaaS) system is regarded as one of the emerging solutions to offer integrated, seamless, and flexible multi-modal mobility services as an alternative to privately owned mobility resources. MaaS is expected to change the way users will choose their modes of transport to reach their daily activities, and how service providers will generate profits, cooperate, and compete. To successfully deploy MaaS to reach the intended goals, it is critical to develop feasible and sustainable models that capture the diverse needs of customers as well as the diverse and often competing objectives of service providers. This paper aims to provide a general modelling framework and a critical and descriptive analysis of the relevant literature relating all main actors in the MaaS ecosystem, and identify and discuss all factors that are considered relevant, focusing on the actor’s decision-making processes and their correlations. This review shows the large variety and interaction of factors influencing MaaS adoption and their impact on forecasting MaaS appeal. It is also observed that current travel behaviour and multi-modal transport models are not fully capturing the diverse travel needs and choices of potential MaaS users. Recent advancements in agent-based simulation and discrete choice modelling offer potential solutions to address this gap, and future research should aim in that direction. Finally, the review analyses the interaction between MaaS actors, including customers, service providers, the government, and the MaaS Broker, highlighting the complexity of the modelling process comprising all actors of the MaaS ecosystem. Therefore, it is recommended to prioritise future research in exploring these areas."
6153,"This paper presents an agent-based demand side management framework (ADSMF) as an intelligent solution to shorten the supply-demand gap in microgrids by forming virtual market environments that allow neighboring microgrids to trade with each other. The framework does two essential tasks: 1) routing power from surplus locations to deficit locations by effectively coordinating with distributed energy resources (DERs); and 2) enabling customers' participation in electricity enterprise through demand response (DR). The low preference loads of the end-users are grouped into two categories, viz. shiftable and curtailable loads, according to the level of flexibility involved in their operation. Also, three smart DR options are identified to allow the customers to choose as per their requirement. The customer's participation is encouraged through a priority-based incentive mechanism. The proposed incentive mechanism uses frequency of participation of customers in DR and their contribution to benefit gained by the overall system to cater the incentives. The feasibility of the framework is demonstrated by applying on a case study network with two grid-tied microgrids simulated using Java Agent DEvelopment framework (JADE). The extensive simulation studies on the test network have proved the applicability and effectiveness of the proposed agent-based framework in mitigating the supply-demand gap in multimicrogrid environment."
4203,"The naturalization of logic aims at a revision of mainstream logic. In this article, I contend it is an urgent task to be completed. This new project will permit a new collaboration between logic and cognitive science. This can be accomplished doing for logic what many decades ago Quine and other philosophers undertook in the case of epistemology. First of all, this article analyzes how the naturalization can be achieved thanks to some insights provided by the recent John Woods’ book Errors of Reasoning: Naturalizing the Logic of Inference; important concepts that regard a naturalized logic are synthetically analyzed: errors (and the problem of fallacies), paradigm creep, third-way reasoning, consequence-having and consequence drawing, agent based reasoning. The article also takes advantage of my own studies, which are aimed both at exculpating the negative fallacious character of abduction (it is the fallacy of the affirming the consequent) and at illustrating the EC-model (Eco-Cognitive model) of it, I have recently proposed. Aiming at encouraging the project of naturalization of logic, the article specifically recommends the increase of logical research on abduction, and emphasizes how current philosophical and logical research on human inferences is indebted towards Charles Sanders Peirce, a philosopher whose importance and modernity are too often underestimated. The final part of the article will introduce an analysis of the importance of the so-called optimization of situatedness, a concept that is necessary to understand that maximization of “abducibility”, which characterizes modern science."
3686,"Considering changes in the global climate, there is an impetus to diversify away from fossil fuels as part of efforts to reduce greenhouse gas emissions. Biomass, as a source of energy, has the potential to generate sustainable power and fuels and contribute towards a cleaner future. In fact, the utilisation of biomass as a carbon dioxide neutral organic source in an integrated system generates valuable products, and reduces waste and the consumption of non-renewable resources. Gasification, the preferred option for converting biomass to combustible gas, provides higher electrical efficiencies than combustion, whereby the syngas generated from the gasification process can be utilised to generate clean energy. In addition, syngas can be utilised for the production of ammonia and methanol thus reducing their respective dependencies on natural gas. This study will detail an optimised biomass gasification process considering multiple parameters, including the thermodynamic operating conditions, the type of gasifier (gasifying agent) and feedstock. Fundamentally, this study considers the process pathways for the recycling of multiple sources of biomass to generate high energy syngas from the available biomass options when used in combination as blends or individually. To achieve this aim, an Aspen Plus simulation model is developed for four different biomass agent-based gasification techniques using the biomass characteristics of certain Qatar biomass materials, which include date pits, manure and sewage sludge. Outcomes of the study included an optimisation of the gasification processes to yield different blending options of the biomass feedstock satisfying the downstream operations of power and fuels production. The results demonstrate the domination of date pits for two of the considered configurations with over 99% w/w date pit feed composition. Moreover, the sensitivity analysis conducted on the different configurations highlighted specific optimum operation points in terms of temperature, pressure, and oxygen and steam feed ratios. The hydrogen content in the generated syngas, considered important for the downstream production, yields a peak at approximately 850 °C and 1 bar with a modified equivalence ratio of approximately 2.5, and a ratio of oxygen supplied by an air-steam combination of approximately 0.6. The process can be further optimised by considering trade-offs between product purity or yield, profit, operating efficiency, quality of raw materials blends, and carbon footprint."
5001,"Over the past 100 years, social science has generated a tremendous number of theories on the topics of individual and collective human behaviour. However, it has been much less successful at reconciling the innumerable inconsistencies and contradictions among these competing explanations, a situation that has not been resolved by recent advances in computational social science'. In this Perspective, I argue that this incoherency problem' has been perpetuated by an historical emphasis in social science on the advancement of theories over the solution of practical problems. I argue that one way for social science to make progress is to adopt a more solution-oriented approach, starting first with a practical problem and then asking what theories (and methods) must be brought to bear to solve it. Finally, I conclude with a few suggestions regarding the sort of problems on which progress might be made and how we might organize ourselves to solve them."
7496,"Agent-Based Modelling, Burglary, Computer Simulation, Crime Reduction Understanding the processes behind crime is an important research area in criminology, which has major implications for both improving policies and developing effective crime prevention strategies (Brantingham and Brantingham, 2004; Groff, 2007a). In order to test modern opportunity theories it is essential to be able model the complex, dynamic interactions of the individuals involved in each crime event. However, studies to date are limited in their ability to provide consistent support for these theories due to an inability to model complex micro-level interactions (Groff, 2007a). Agent-based modelling (ABM) represents a shift in the social sciences towards the use of models that work at the level of the individual. Using the ABM paradigm, human agents can be implemented with realistic human behaviour who interact with each other and their environment to create a dynamic system which mimics a real scenario.This paper presents the development and application of an ABM for simulating the occurrence of residential burglary at an individual level. Experiments are conducted investigate the effectiveness of burglary reduction strategies and criminology theories. The model is able to demonstrate that a commonly used crime-reduction initiative is ineffective at removing crime hotspots."
2261,"This study examined logistics planning in the modular integrated construction supply chain (MiC-SC). Existing models overlook two important characteristics of the MiC-SC-the dynamic behavior of its stakeholders, and the uncertain interactions between its activities and resources-making their applicability limited in real practice. The literature also lacks an understanding of which logistics and construction decisions significantly impact the MiC-SC key performance indicators (KPIs) (e.g., project duration, MiC-SC costs, and emissions). Moreover, optimizing logistics and construction decisions to achieve a trade-off between these KPIs is yet to be addressed. This study contributes to the MiC-SC knowledge by (1) developing a multimethod simulation model that captures the dynamic behavior of MiC-SC stakeholders through agent-based modeling and the uncertain interactions between their internal activities and resources using discrete-event simulation and considering more realistic features such as traffic condition, site layout, heterogeneous truck types, and uncertainty of activities duration; (2) integrating the developed model with the Taguchi approach (TA) to identify the significant logistics and construction decisions that impact five KPIs (project duration, construction costs, construction emissions, logistics costs, and logistics emissions); and (3) applying a simulation-optimization (SO) approach to find the near-optimum logistics and construction decisions that maximize the MiC-SC sustainability through minimizing the project duration, total costs, and carbon emissions. The model's applicability was demonstrated using a case study of a high-rise MiC project. The TA analysis highlighted some interactions between logistics and construction decisions, calling for collaborative decision-making between stakeholders. The proposed SO approach could provide them with near-optimum decisions that minimize the project duration, MiC-SC costs, and emissions."
2221,"Consumer behavior and the decision to adopt an innovation are governed by various motives, which models find difficult to represent. A promising way to introduce the required complexity into modeling approaches is to simulate all consumers individually within an agent-based model (ABM). However, ABMs are complex and introduce new challenges. Especially the calibration of empirical ABMs was identified as a key difficulty in many works. In this work, a general ABM for simulating the Diffusion of Innovations is described. The ABM is differentiable and can employ gradient-based calibration methods, enabling the simultaneous calibration of large numbers of free parameters in large-scale models. The ABM and calibration method are tested by fitting a simulation with 25 free parameters to the large data set of privately owned photovoltaic systems in Germany, where the model achieves a coefficient of determination of R2 ≃ 0.7."
4248,"This paper studies how the communication network between proactive consumers affects the power utilization and fairness in a simplified direct-current microgrid model, composed of three coupled layers: physical (an electric circuit that represents a microgrid), communication (a peer-to-peer network within the microgrid), and regulatory (individual decision strategies). Our results show that, for optimal power utilization and fairness, a global knowledge about the system is needed, demonstrating the importance of a microgrid aggregator to inform about the power consumption for different time periods."
4890,"The increasing availability of open statistical data resources is providing novel opportunities for research and citizen science. Efficient algorithmic tools are needed to realize the full potential of the new information resources. We introduce the eurostat R package that provides a collection of custom tools for the Eurostat open data service, including functions to query, download, manipulate, and visualize these data sets in a smooth, automated and reproducible manner. The online documentation provides detailed examples on the analysis of these spatio-temporal data collections. This work provides substantial improvements over the previously available tools, and has been extensively tested by an active user community. The eurostat R package contributes to the growing open source ecosystem dedicated to reproducible research in computational social science and digital humanities."
8143,"Despite the wideness of the literature on industrial districts (IDs), the driving processes of ID innovation have not still received much attention: Questions about how new innovation processes emerge, how, when and where they evolve are minimally addressed in the literature. To address these questions new theoretical approaches and methodologies are needed. In the paper we approach this topic by adopting complexity science and by using the agent-based simulation methodology. In particular, an agent-based simulation is conducted to investigate how innovation processes in IDs have to be modified to assure their survival in a highly competitive environment."
1805,"Drought is a persistent hazard that impacts the environment, people's livelihoods, access to education and food security. Adaptation choices made by people can influence the propagation of this drought hazard. However, few drought models incorporate adaptive behavior and feedbacks between adaptations and drought. In this research, we present a dynamic drought adaptation modeling framework, ADOPT-AP, which combines socio-hydrological and agent-based modeling approaches. This approach is applied to agropastoral communities in dryland regions in Kenya. We couple the spatially explicit hydrological Dryland Water Partitioning (DRYP) model with a behavioral model capable of simulating different bounded rational behavioral theories (ADOPT). The results demonstrate that agropastoralists respond differently to drought due to differences in (perceptions of) their hydrological environment. Downstream communities are impacted more heavily and implement more short-term adaptation measures than upstream communities in the same catchment. Additional drivers of drought adaptation concern socio-economic factors such as wealth and distance to wells. We show that the uptake of drought adaptation influences soil moisture (positively through irrigation) and groundwater (negatively through abstraction) and, thus, the drought propagation through the hydrological cycle."
3958,"Criminal networks are frequently at risk of disruption through arrest and interorganizational violence. Difficulties in designing empirical studies of criminal network recovery, however, have problematized research into network responses to disruption. In this study, we evaluate criminal network resilience by examining network recovery from disruption in an array of different criminal networks and across different disruption strategies. We use an agent-based model to evaluate how criminal networks recover from disruption. Our results reveal the vulnerabilities and time to recovery of numerous criminal organizations, and through them, we identify which disruption strategies are most effective at damaging various criminal networks."
6932,"Organizations have made a significant effort to implement software for planning and scheduling, but disruptive event management is still a problem to be solved. Since a disruptive event can affect the overall performance of the supply chain, SCEM (Supply Chain Event Management) systems presenting different automation levels such as monitoring, alarm and decision support have been proposed. However, the management of disruptive events, taking into account the distributed nature of the supply chain, the members autonomy and the ability to exert corrective control actions, has been identified as a problem that requires further research. This work presents an agent-based approach for the SCEM problem, which can perform autonomous corrective control actions to minimize the effect of deviations in the plan that is currently being executed. These control actions consist of a distribution of the variation between supply chain members, using the plans slack in a collaborative way. An innovative feature of this approach is its focus on resources, which are affected by disruptive events in a direct way. Based on this approach, a SCEM system is designed as a net of control points defined on resources connected through supply process orders. Two novel aspects are the distributed collaborative inter-organizational architecture of the SCEM system and a Double Contract Net Protocol. This protocol allows a set of resource:representing agents to interact through an agent, representing a supply process order as a mediator. An application to a case study of the Multi-Agent SCEM system implemented with JADE is provided."
1855,"Real-world complex systems research seeks to understand how systems in the world can follow the same rules of complexity. Scientists have found similarities in processes—such as self-organization, micro-to macro-level emergence, and feedback loops—in seemingly disparate phenomena such as the spread of infectious diseases and how traffic patterns are formed. Our project, BioGraph 2.0, was developed to respond to the issue of students’ disjointed understanding of biology due to the fragmented nature of how high school biology is taught in high school classrooms. We hypothesized that by framing multiple biology concepts through the lens of complexity using dynamic simulations, or models featuring complex systems processes, students would be able to see complex systems as a unifying concept throughout biology. We built a series of units modeling phenomena on biological concepts such as gene regulation, ecology, and evolution using an agent-based modeling tool called StarLogo Nova. While previous research over the last decade of this project has highlighted students’ growth in complex systems understanding, in this study, we explored the relationship between complex systems and agent-based models. We investigated pre and post intervention data from over 300 high school students to determine how their metamodeling knowledge influenced their understanding of complex systems. Through a regression analysis, we demonstrate that growth in students’ modeling understanding significantly predicted growth in complex systems understanding. We further triangulate our findings with interview data from students who highlight the importance of the modeling tool to support their complex systems learning."
2223,"Biological agents can act in ways that express a sensitivity to context-dependent relevance. So far it has proven difficult to engineer this capacity for context-dependent sensitivity to relevance in artificial agents. We give this problem the label the “problem of meaning”. The problem of meaning could be circumvented if artificial intelligence researchers were to design agents based on the assumption of the continuity of life and mind. In this paper, we focus on the proposal made by enactive cognitive scientists to design artificial agents that possess sensorimotor autonomy—stable, self-sustaining patterns of sensorimotor interaction that can ground values, norms and goals necessary for encountering a meaningful environment. More specifically, we consider whether the Free Energy Principle (FEP) can provide formal tools for modeling sensorimotor autonomy. There is currently no consensus on how to understand the relationship between enactive cognitive science and the FEP. However, a number of recent papers have argued that the two frameworks are fundamentally incompatible. Some argue that biological systems exhibit historical path-dependent learning that is absent from systems that minimize free energy. Others have argued that a free energy minimizing system would fail to satisfy a key condition for sensorimotor agency referred to as “interactional asymmetry”. These critics question the claim we defend in this paper that the FEP can be used to formally model autonomy and adaptivity. We will argue it is too soon to conclude that the two frameworks are incompatible. There are undeniable conceptual differences between the two frameworks but in our view each has something important and necessary to offer. The FEP needs enactive cognitive science for the solution it provides to the problem of meaning. Enactive cognitive science needs the FEP to formally model the properties it argues to be constitutive of agency. Our conclusion will be that active inference models based on the FEP provides a way by which scientists can think about how to address the problems of engineering autonomy and adaptivity in artificial agents in formal terms. In the end engaging more closely with this formalism and its further developments will benefit those working within the enactive framework."
302,"Navigating the complexity of petroleum futures markets—marked by extreme volatility, geopolitical uncertainty, and macroeconomic shocks—demands adaptive and risk-sensitive strategies. This paper explores an Adaptive Risk-sensitive Transformer-based Deep Reinforcement Learning (ART-DRL) framework to improve portfolio optimization in commodity futures trading. While deep reinforcement learning (DRL) has been applied in equities and forex, its use in commodities remains underexplored. We evaluate DRL models, including Deep Q-Networks (DQN), Proximal Policy Optimization (PPO), Advantage Actor-Critic (A2C), and Deep Deterministic Policy Gradient (DDPG), integrating dynamic reward functions and asset-specific optimization. Empirical results show improvements in risk-adjusted performance, with an annualized return of 1.353, a Sharpe Ratio of 4.340, and a Sortino Ratio of 57.766. Although the return is below DQN (1.476), the proposed model achieves better stability and risk control. Notably, the models demonstrate resilience by learning from historical periods of extreme volatility, including the COVID-19 pandemic (2020–2021) and geopolitical shocks such as the Russia–Ukraine conflict (2022), despite testing commencing in January 2023. This research offers a practical, data-driven framework for risk-sensitive decision-making in commodities, showing how machine learning can support portfolio management under volatile market conditions."
460,"We develop the Canadian behavioral Agent-Based Model (CANVAS) that complements traditional macroeconomic models for forecasting and monetary policy analysis. CANVAS represents a next-generation modeling effort featuring enhancements in three dimensions: introducing household and firm heterogeneity, departing from rational expectations, and modeling price and quantity setting heuristics within a production network. The expanded modeling capacity is achieved by harnessing large-scale Canadian micro- and macroeconomic datasets and incorporating adaptive learning and simple heuristics. The out-of-sample forecasting performance of CANVAS is found to be competitive with a benchmark vector auto-regressive (VAR) model and a DSGE model. When applied to analyze the COVID-19 pandemic episode, our model helps explain both the macroeconomic movement and the interplay between expectation formation and cost-push shocks. CANVAS is one of the first macroeconomic agent-based models applied by a central bank to support projection and alternative scenarios, marking an advancement in the toolkit of central banks and enriching monetary policy analysis."
1796,"We provide explorative insights on how farms which manage strong and successful growth affect farms in their neighbourhoods through spatial competition for land. The study is based on an exploratory analysis of repeated framed experiments within the business game FarmAgriPoliS (Appel & Balmann, Ecological Complexity, 40, 2019). In particular, we analyse the spatial influences of different behavioural clusters of farm managers. Our analysis finds that farms which manage strong growth substantially affect the development of farms in a spatial neighbourhood of some 10 km. Although the influence on the neighbourhood decreases with distance, the functional correlations of farm growth as well as exits are neither linear nor exponential, but eventually rather wave-like. We further discuss the spatial interdependence of farms and the related overlaps of the predator–prey phenomenon with the phenomena of farms' path dependency and agricultural structural change. We conclude that along with farmers' strategies and their abilities, the characteristics of their neighbours and the distances between neighbouring farms also determine who is ‘predator’ and who is ‘prey’."
5708,"In this paper, we investigate the impact of inaccurate forecasting on the coordination of distributed investment decisions. In particular, by setting up a computational multi-agent model of a stylized firm, we investigate the case of investment opportunities that are mutually carried out by organizational departments. The forecasts of concern pertain to the initial amount of money necessary to launch and operate an investment opportunity, to the expected intertemporal distribution of cash flows, and the departments' efficiency in operating the investment opportunity at hand. We propose a budget allocation mechanism for coordinating such distributed decisions The paper provides guidance on how to set framework conditions, in terms of the number of investment opportunities considered in one round of funding and the number of departments operating one investment opportunity, so that the coordination mechanism is highly robust to forecasting errors. Furthermore, we show that - in some setups - a certain extent of misforecasting is desirable from the firm's point of view as it supports the achievement of the corporate objective of value maximization. We then address the question of how to improve forecasting quality in the best possible way, and provide policy advice on how to sequence activities for improving forecasting quality so that the robustness of the coordination mechanism to errors increases in the best possible way. At the same time, we show that wrong decisions regarding the sequencing can lead to a decrease in robustness. Finally, we conduct a comprehensive sensitivity analysis and prove that - in particular for relatively good forecasters - most of our results are robust to changes in setting the parameters of our multi-agent simulation model."
7485,"There is growing concern about the evolutionary consequences of human harvesting on phenotypic trait quality in wild populations. Undesirable consequences are especially likely with trophy hunting because of its strong bias for specific phenotypic trait values, such as large antlers in cervids and horns in bovids. Selective hunting can cause a decline in a trophy trait over time if it is heritable, thereby reducing the long-term sustainability of the activity itself. How can we build a sustainable trophy hunting tradition without the negative trait-altering effects? We used an individual-based model to explore whether selective compensatory culling of 'low quality' individuals at an early life stage can facilitate sustainability, as suggested by information from managed game populations in eastern and central Europe. Our model was rooted in empirical data on red deer, where heritability of sexual ornaments has been confirmed and phenotypic quality can be assessed by antler size in individuals as young as 1 year. Simulations showed that targeted culling of low-quality yearlings could counter the selective effects of trophy hunting on the distribution of the affected trait (e.g. antler or horn size) in prime-aged individuals. Assumptions of trait heritability and young-to-adult correlation were essential for compensation, but the model proved robust to various other assumptions and changes to input parameters. The simulation approach allowed us to verify responses as evolutionary changes in trait values rather than short-term consequences of altered age structure, density and viability selection. We conclude that evolutionarily enlightened management may accommodate trophy hunting. This has far reaching implications as income from trophy hunting is often channelled into local conservation efforts and rural economies. As an essential follow-up, we recommend an analysis of the effects of trophy hunting in conjunction with compensatory culling on the phenotypic and underlying genetic variance of the trophy trait."
7343,"Purpose: The purpose of this is to add both to the development of complex systems thinking in the subject area of operations and production management and to the limited number of applications of computational models and simulations from the science of complex systems. The latter potentially offer helpful decision-support tools for operations and production managers. Design/methodology/approach: A mechanical engineering firm was used as a case study where a combined qualitative and quantitative methodological approach was employed to extract the required data from four senior managers. Company performance measures as well as firm technologies, practices and policies, and their relation and interaction with one another, were elicited. The data were subjected to an evolutionary complex systems (ECS) model resulting in a series of simulations. Findings: The findings highlighted the effects of the diversity in management decision making on the firm's evolutionary trajectory. The CEO appeared to have the most balanced view of the firm, closely followed by the marketing and research and development managers. The manufacturing manager's responses led to the most extreme evolutionary trajectory where the integrity of the entire firm came into question particularly when considering how employees were utilised. Research limitations/implications: By drawing directly from the opinions and views of managers, rather than from logical ""if-then"" rules and averaged mathematical representations of agents that characterise agent-based and other self-organisational models, this work builds on previous applications by capturing a micro-level description of diversity that has been problematical both in theory and application. Practical implications: This approach can be used as a decision-support tool for operations and other managers providing a forum with which to explore: the strengths, weaknesses and consequences of different decision-making capacities within the firm; the introduction of new manufacturing technologies, practices and policies; and the different evolutionary trajectories that a firm can take. Originality/value: With the inclusion of ""micro-diversity"", ECS modelling moves beyond the self-organisational models that populate the literature but has not as yet produced a great many practical simulation results. This work is a step in that direction."
5336,"Antarctica attracts tourists who want to explore its unique nature and landscapes. Antarctic tourism has rapidly grown since 1991 and is currently picking up again after the recent global economic downturn. Tourism activities are subject to the rules of the Antarctic Treaty System (ATS) and the decisions made by the Antarctic Treaty Consultative Parties (ATCPs), but within this context, the industry has considerable freedom to self-organise. The industry is self-regulated by a voluntary member-based group, the International Association of Antarctica Tour Operators (IAATO). Researchers and policy-makers express concern about IAATO's ability to deal with further tourism development and the environmental consequences. This study applies a new approach to understand what affects self-regulation, consisting of a literature review and agent-based modelling (ABM). The review identifies four challenges for self-regulation: operator commitment, tourism growth, operator diversification, and accidents. The ABM simulations help conceptualise the complex concepts and theories surrounding self-regulation. Self-regulation is measured by the capacity of the simulated self-regulatory system to maintain a majority membership at the end of 20 years. The model suggests that a number of the challenges are nonlinear and have tipping points. This approach provides insights that industry officials and policy-makers can use to proactively regulate Antarctic tourism."
3687,"How to increase clean energy utilization is a key issue in household energy consumption analysis aimed at alleviating air pollution and improving the health of residents. Clean energy substitution is a complex decision process between related stakeholders, and is affected by a combination of factors such as geographical location and household income. To evaluate the potential of clean energy promotion to contribute to better policy decisions and measures, an agent-based household energy consumption model is established to capture the group habits of different stakeholders and the impact mechanism of critical influential factors. Multi-layered structures including various types of households and energy consumption devices are modeled. The experimental results of several scenario analyses show that increased income, improved technology and subsidies from local governments can influence clean energy substitution in the household in various ways. These findings provide a better understanding of the energy cleaning process and decision-making support for governments."
6757,"Living in a large social group is thought to increase disease risk in wild animal populations, but comparative studies have provided mixed support for this prediction. Here, we take a social network perspective to investigate whether patterns of social contact within groups influence parasite risk. Specifically, increased modularity (i. e. sub-grouping) in larger groups could offset the increased disease risk associated with living in a large group. We simulated the spread of a contagious pathogen in random social networks to generate theoretically grounded predictions concerning the relationship between social network connectivity and the success of socially transmitted pathogens. Simulations yielded the prediction that community modularity (Q) negatively impacts parasite success. No clear predictions emerged for a second network metric we considered, the eigenvector centralization index (C), as the relationship between this measure and parasite success depended on the transmission probability of parasites. We then tested the prediction that Q reduces parasite success in a phylogenetic comparative analysis of social network modularity and parasite richness across 19 primate species. Using a Bayesian implementation of phylogenetic generalized least squares and controlling for sampling effort, we found that primates living in larger groups exhibited higher Q, and as predicted by our simulations, higher Q was associated with lower richness of socially transmitted parasites. This suggests that increased modularity mediates the elevated risk of parasitism associated with living in larger groups, which could contribute to the inconsistent findings of empirical studies on the association between group size and parasite risk. Our results indicate that social networks may play a role in mediating pressure from socially transmitted parasites, particularly in large groups where opportunities for transmitting communicable diseases are abundant. We propose that parasite pressure in gregarious primates may have favored the evolution of behaviors that increase social network modularity, especially in large social groups."
7751,"In this paper we introduce a simple model based on probabilistic finite state automata to describe an emotional interaction between a robot and a human user, or between simulated agents. Based on the agent's personality, attitude, and nature, and on the emotional inputs it receives, the model will determine the next emotional state displayed by the agent itself. The probabilistic and time-varying nature of the model yields rich and dynamic interactions, and an autonomous adaptation to the interlocutor. In addition, a reinforcement learning technique is applied to have one agent drive its partner's behavior toward desired states. The model may also be used as a tool for behavior analysis, by extracting high probability patterns of interaction and by resorting to the ergodic properties of Markov chains."
2148,"Recent disasters have demonstrated the challenges faced by society as a result of the increasing complexity of disaster risk. In this perspective article, we discuss the complex interactions between hazards and vulnerability and suggest methodological approaches to assess and include dynamics of vulnerability in our risk assessments, learning from the compound and multi-hazard, socio-hydrology, and socio-ecological research communities. We argue for a changed perspective, starting with the circumstances that determine dynamic vulnerability. We identify three types of dynamics of vulnerability: (1) the underlying dynamics of vulnerability, (2) changes in vulnerability during long-lasting disasters, and (3) changes in vulnerability during compounding disasters and societal shocks. We conclude that there is great potential to capture the dynamics of vulnerability using qualitative and model-based methods, both for reproducing historic and projecting future dynamics of vulnerability. We provide examples using narratives, agent-based models, and system dynamics."
4959,"In the last decade, interest in the ""wisdom of crowds"" effect has gained momentum in both organizational research and corporate practice. Crowd wisdom relies on the aggregation of independent judgments. The accuracy of a group's aggregate prediction rises with the number, ability, and diversity of its members. We investigate these variables' relative importance for collective prediction using agent-based simulation. We replicate the ""diversity trumps ability"" proposition for large groups, showing that samples of heterogeneous agents outperform same-sized homogeneous teams of high ability. In groups smaller than approximately 16 members, however, the effects of group composition depend on the social decision function employed: diversity is key only in continuous estimation tasks (averaging) and much less important in discrete choice tasks (voting), in which agents' individual abilities remain crucial. Thus, strategies to improve collective decision making must adapt to the predictive situation at hand"
790,"Intertwined supply network (ISN) is a complex system consisting of multiple interconnected supply chains orchestrated by different focal firms. The inherent interconnectedness of an ISN makes it vulnerable to localized disruptions, which can propagate through intricate supplier-buyer relationships, causing unpredictable disruption ripple effects that exacerbate vulnerabilities. While existing literature provides valuable insights into the vulnerability of supply networks with a single focal firm, less attention has been given to ISN comprising multiple competing focal firms. This study proposes an agent-based model to simulate the diffusion of disruption ripple effects in a realistic ISN. The model is used to assess the relative effects of firms' structural and operational attributes on vulnerability and to compare the effectiveness of three mainstream resilience strategies—resistance, adaptation, and recovery—in mitigating the overall vulnerability of ISN. Furthermore, the interaction of resilience strategies initiated by different focal firms in the ISN is explored. The results suggest that focal firms should prioritize their own structural attributes and those of their neighboring firms to address vulnerabilities effectively. Moreover, focal firms can identify partners with higher reciprocity and engage in cooperation for resilience investment. This study contributes to the understanding of ISN vulnerability and provides practical insights for developing effective resilience strategies in complex supply networks."
7552,"Social simulation is often described as a multidisciplinary and fast-moving field. This can make it difficult to obtain an overview of the field both for contributing researchers and for outsiders who are interested in social simulation. The Journal for Artificial Societies and Social Simulation (JASSS) completing its tenth year provides a good opportunity to take stock of what happened over this time period. First, we use citation analysis to identify the most influential publications and to verify characteristics of social simulation such as its multidisciplinary nature. Then, we perform a co-citation analysis to visualize the intellectual structure of social simulation and its development. Overall, the analysis shows social simulation both in its early stage and during its first steps towards becoming a more differentiated discipline."
218,"This paper contributes to the field of urban waste collection systems, which are crucial for advancing sustainability, urban cleanliness, and the aesthetic quality of cities. Specifically, it introduces a novel framework designed to support planners and decision makers in the design of efficient and responsive textile waste collection systems, aligned with both environmental objectives and citizen engagement. To this end, the framework exploits a hybrid simulation platform that realistically models the logistics infrastructure in a spatially explicit environment. Also, within the framework, citizens are represented as adaptive agents whose environmental attitudes evolve through personal experience, social influence, and perceived service quality. The behavioural layer is the core element of the framework. It enables dynamic analysis of the two-way feedback between citizen participation and service effectiveness to underscore the often-overlooked role of citizen behaviour in shaping overall system performance. The model was tested in a representative urban scenario under varying operational conditions. The results highlight how policy incentives and smart collection infrastructure can significantly boost participation, while social segregation may hinder the adoption of sustainable practices. The framework ultimately offers a generalisable decision-support tool to explore the behavioural dimension of circular economy initiatives and develop robust, scenario-based strategies."
4506,"Agent Based Modelling (ABM) is an approach for modelling dynamic systems and studying complex and emergent behaviour. ABMs have been widely applied in diverse disciplines including biology, economics, and social sciences. The scalability of ABM simulations is typically limited due to the computationally expensive nature of simulating a large number of individuals. As such, large scale ABM simulations are excellent candidates to apply parallel computing approaches such as Graphics Processing Units (GPUs). In this paper, we present an extension to the FLAME GPU1 [1] framework which addresses the divergence problem, i.e. the challenge of executing the behaviour of non-homogeneous individuals on vectorised GPU processors. We do this by describing a modelling methodology which exposes inherent parallelism within the model which is exploited by novel additions to the software permitting higher levels of concurrent simulation execution. Moreover, we demonstrate how this extension can be applied to realistic cellular level tissue model by benchmarking the model to demonstrate a measured speedup of over 4x."
6248,"Objective. To develop a conceptual computational agent-based model (ABM) to explore community-wide versus spatially focused crime reporting interventions to reduce community crime perpetrated by youth. Method. Agents within the model represent individual residents and interact on a two-dimensional grid representing an abstract nonempirically grounded community setting. Juvenile agents are assigned initial random probabilities of perpetrating a crime and adults are assigned random probabilities of witnessing and reporting crimes. The agents' behavioral probabilities modify depending on the individual's experience with criminal behavior and punishment, and exposure to community crime interventions. Cost-effectiveness analyses assessed the impact of activating different percentages of adults to increase reporting and reduce community crime activity. Community-wide interventions were compared with spatially focused interventions, in which activated adults were focused in areas of highest crime prevalence. Results. The ABM suggests that both community-wide and spatially focused interventions can be effective in reducing overall offenses, but their relative effectiveness may depend on the intensity and cost of the interventions. Although spatially focused intervention yielded localized reductions in crimes, such interventions were shown to move crime to nearby communities. Community-wide interventions can achieve larger reductions in overall community crime offenses than spatially focused interventions, as long as sufficient resources are available. Conclusion. The ABM demonstrates that community-wide and spatially focused crime strategies produce unique intervention dynamics influencing juvenile crime behaviors through the decisions and actions of community adults. It shows how such models might be used to investigate community-supported crime intervention programs by integrating community input and expertise and provides a simulated setting for assessing dimensions of cost comparison and intervention effect sustainability. ABM illustrates how intervention models might be used to investigate community-supported crime intervention programs."
6846,"The field of social computing emerged more than ten years ago. During the last decade, researchers from a variety of disciplines have been closely collaborating to boost the growth of social computing research. This paper aims at identifying key researchers and institutions, and examining the collaboration patterns in the field. We employ co-authorship network analysis at different levels to study the bibliographic information of 6 543 publications in social computing from 1998 to 2011. This paper gives a snapshot of the current research in social computing and can provide an initial guidance to new researchers in social computing."
6424,"In negotiations over land-right acquisitions, landowners have an informational advantage over conservation groups because they know more about the opportunity costs of conservation measures on their sites. This advantage creates the possibility that landowners will demand payments greater than the required minimum, where this minimum required payment is known as the landowner's willingness to accept (WTA). However, in recent studies of conservation costs, researchers have assumed landowners will accept conservation with minimum payments. We investigated the ability of landowners to demand payments above their WTA when a conservation group has identified multiple sites for protection. First, we estimated the maximum payment landowners could potentially demand, which is set when groups of landowners act as a cooperative. Next, through the simulation of conservation auctions, we explored the amount of money above landowners' WTA (i.e., surplus) that conservation groups could cede to secure conservation agreements, again investigating the influence of landowner cooperatives. The simulations showed the informational advantage landowners held could make conservation investments up to 42% more expensive than suggested by the site WTAs. Moreover, all auctions resulted in landowners obtaining payments greater than their WTA; thus, it may be unrealistic to assume landowners will accept conservation contracts with minimum payments. Of particular significance for species conservation, conservation objectives focused on overall species richness, which therefore recognize site complementarity, create an incentive for landowners to form cooperatives to capture surplus. To the contrary, objectives in which sites are substitutes, such as the maximization of species occurrences, create a disincentive for cooperative formation."
4373,"In this work we develop an agent-based model that offers an alternative to standard, computable general equilibrium integrated assessment models (IAMs). The Dystopian Schumpeter meeting Keynes (DSK) model is composed of heterogeneous firms belonging to capital-good, consumption-good and energy sectors. Production and energy generation lead to greenhouse gas emissions, which affect temperature dynamics. Climate damages are modelled at the individual level as stochastic shocks hitting workers' labour productivity, energy efficiency, capital stock and inventories of firms. In that, aggregate damages emerge from the aggregation of losses suffered by heterogeneous, interacting and boundedly rational agents. The model is run focusing on a business-as-usual carbon-intensive scenario consistent with a Representative Concentration Pathway 8.5. We find that the DSK model is able to account for a wide ensemble of micro- and macro-empirical regularities concerning both economic and climate dynamics. Simulation experiments show a substantial lack of isomorphism between the effects of micro- and macro-level shocks, as it is typical in complex system models. In particular, different types of shocks have heterogeneous impact on output growth, unemployment rate, and the likelihood of economic crises, pointing to the importance of the different economic channel affected by the shock. Overall, we report much larger climate damages than those projected by standard IAMs under comparable scenarios, suggesting possible shifts in the growth dynamics, from a self-sustained pattern to stagnation and high volatility, and the need of urgent policy interventions."
1027,"In this paper we study Nash equilibria in auctions from the kinetic theory of active particles point of view. We propose a simple learning rule for agents to update their bidding strategies based on their previous successes and failures, in first-price auctions with two bidders. Then, we formally derive the corresponding kinetic equations which describe the evolution over time of the distribution of agents on the bidding strategies. We show that the stationary solution of the equation corresponds to the symmetric Nash equilibrium of the auction, and we prove the convergence to this stationary solution when time goes to infinity. We also introduce a more general learning rule that only depends on the income of agents, and we apply to both first- and second-price auctions. We show that agents learn the Nash equilibrium in first- and second-price auctions with these rules. We present agent-based simulations of the models, and we discuss several open problems."
8241,"The significance of agent-based service in healthcare is discussed. As e-health is evolving into entities such as m-health (mobile) or u-health (ubiquitous), which focus on applications that provide healthcare to people anywhere, anytime using broadband and wireless mobile technologies, service-oriented approach based on semantics is finding its utility due to its ability to offer different description to different cases. The integration of Sematic Web services and agent technologies use the interactions' contextual information for advanced e-health applications to acquire information related to interactions using open software systems. In this system, the patient, healthcare professionals who provide on-site medical care, external emergency assistance organizations and administrators of local healthcare institutions play a key role. The system uses a taxonomy of social roles and interactions, and generalizes the social interactions to model these interactions."
5064,"Biofuel production is not cost competitive and thus requires governmental intervention. The effect of the institutional framework on the development of the biofuel sector is not yet well understood. This paper aims to analyze how biofuel production and production capacity could have evolved in Germany in the period 1992–2014. The effects of an agricultural policy intervention (liberalization of the agricultural market) and a bioenergy policy intervention (a tax on biodiesel after an initial exemption) are explored. Elements of the Modeling Agent systems based on Institutional Analysis (MAIA) framework, complex adaptive systems (CAS) theory, and Neo Institutional Economics (NIE) theory were used to conceptualize and formalize the system in an agent-based model. It was found that an early liberalization of the agricultural market led to an under-production of biodiesel; a late liberalization led to the collapse of biodiesel production. An early introduction of the biodiesel tax led to stagnation in biodiesel production and production capacity; a late introduction led to an increase in sunk costs provided that the biofuel quota is binding. Also, a lack of agents’ adaptation mechanism to forecast prices led to a decrease in patterns of biodiesel production when an external shock was introduced in the system. In sum, we argue that system behavior is influenced by individual behavior which is shaped by institutions."
1985,"We propose an agent-based mixed-logit model (AMXL) that is estimated with inverse optimization (IO) estimation, an agent-level machine learning method theoretically consistent with a utility-maximizing mixed logit model framework. The method provides joint, individual-specific, and deterministic estimation, which overcomes the limitations of discrete choice models (DCMs) given ubiquitous datasets. A case study of the CBD in Shanghai is conducted with mobile phone data of 26,149 anonymous commuters whose whole-day activity schedule on weekdays contains three sub-choices and 1,470 alternatives. AMXL is built to estimate individual tastes and predict the activity scheduling choice in different scenarios. Multinomial logit model (MNL), mixed logit model (MXL), and their dynamic forms (DMNL, DMXL) are built as benchmarks. Prediction accuracies are calculated as the percentage consistency of observed choices and predicted choices, both at individual level (to each commuter) and aggregated level (to each alternative in the choice set). The results show that empirical coefficient distributions in AMXL are neither Gumbel nor Gaussian, i.e. capturing inter-individual heterogeneities in space that are hard for DCMs to capture. The prediction accuracy of AMXL is significantly higher than the best model (DMXL) in benchmarks, improving from 8.66% to 61.68% at aggregated level and from 1.69% to 4.33% at individual level. In a comparison scenario, AMXL predicts different while reasonable change of choices compared with benchmark models. In an optimization scenario, AMXL can be directly integrated into a binary programming (BP) problem, which optimally allocates 10 blocks to send restaurant coupons to increase population consumer surplus by 19%."
2993,"The idea that human impacts on natural systems might trigger large-scale, social–ecological ‘crises’ or ‘breakdowns’ is attracting increasing scientific, societal and political attention, but the risks of such crises remain hard to assess or ameliorate. Social–ecological systems have complex dynamics, with bifurcations, nonlinearities and tipping points all emerging from the interaction of multiple human and natural processes. Computational modelling is a key tool in understanding these processes and their effects on system resilience. However, models that operate over large geographical extents often rely on assumptions such as economic equilibrium and optimisation in social–economic systems, and mean-field or trend-based behaviour in ecological systems, which limit the simulation of crisis dynamics. Alternative forms of modelling focus on simulating local-scale processes that underpin the dynamics of social–ecological systems. Recent improvements in data resources and computational tools mean that such modelling is now technically feasible across large geographical extents. We consider the contributions that the different types of model can make to simulating social–ecological crises. While no models are able to predict exact outcomes in complex social–ecological systems, we suggest that one new approach with substantial promise is hybrid modelling that uses existing model architectures to isolate and understand key processes, revealing risks and associated uncertainties of crises emerging. We outline convergent and efficient functional descriptions of social and ecological systems that can be used to develop such models, data resources that can support them, and possible ‘high-level’ processes that they can represent. A free Plain Language Summary can be found within the Supporting Information of this article."
